Word,HSK
爱,1
八,1
爸爸,1
吧,1
白天,1
百,1
半,1
包子,1
杯子,1
本,1
边,1
病,1
不,1
不客气,1
不要,1
菜,1
茶,1
唱,1
超市,1
车,1
吃,1
出租车,1
穿,1
打电话,1
大,1
大家,1
大学,1
大学生,1
到,1
的,1
第,1
弟弟,1
点,1
店,1
电话,1
电脑,1
电视,1
电影,1
电影院,1
东西,1
都,1
读,1
读书,1
对,1
对不起,1
多,1
多少,1
儿子,1
二,1
饭,1
饭店,1
房间,1
非常,1
飞机,1
分,1
分钟,1
高兴,1
歌,1
哥哥,1
个,1
给,1
公司,1
工作,1
狗,1
贵,1
国,1
还,1
孩子,1
汉语,1
汉字,1
好,1
好吃,1
好看,1
好听,1
好玩儿,1
号,1
喝,1
和,1
很,1
后,1
回,1
会,1
火车,1
鸡蛋,1
几,1
家,1
家人,1
见,1
件,1
饺子,1
叫,1
姐姐,1
今年,1
今天,1
九,1
觉得,1
开,1
开车,1
看,1
看病,1
看见,1
可以,1
课,1
又,1
块,1
来,1
老师,1
了,1
冷,1
里,1
两,1
零,1
六,1
妈妈,1
吗,1
买,1
卖,1
忙,1
猫,1
没关系,1
没事,1
没有,1
妹妹,1
们,1
米饭,1
面包,1
面条儿,1
明年,1
明天,1
名字,1
哪,1
哪个,1
哪里,1
哪儿,1
哪些,1
那,1
那边,1
那个,1
那里,1
那儿,1
那些,1
男,1
男朋友,1
呢,1
能,1
你,1
你好,1
你们,1
年,1
您,1
牛奶,1
女,1
女儿,1
女朋友,1
女士,1
朋友,1
便宜,1
漂亮,1
苹果,1
七,1
起床,1
千,1
前,1
钱,1
请,1
请问,1
去,1
去年,1
热,1
人,1
认识,1
日,1
三,1
商店,1
上,1
上班,1
上课,1
上午,1
上学,1
少,1
谁,1
什么,1
生病,1
十,1
时候,1
时间,1
事,1
是,1
手机,1
书,1
书店,1
水,1
水果,1
睡,1
睡觉,1
说,1
说话,1
四,1
岁,1
他,1
它,1
她,1
他们,1
它们,1
她们,1
太,1
天,1
天气,1
听,1
听见,1
同学,1
外,1
外边,1
玩,1
晚,1
晚饭,1
晚上,1
喂,1
问,1
问题,1
我,1
我们,1
五,1
午饭,1
喜欢,1
下,1
下雨,1
下班,1
下课,1
下午,1
先生,1
现在,1
想,1
小,1
小朋友,1
小时,1
小学,1
小学生,1
些,1
写,1
谢谢,1
新,1
星期,1
星期日,1
星期天,1
休息,1
学,1
学生,1
学习,1
学校,1
雪,1
要,1
也,1
一,1
衣服,1
医生,1
医院,1
一半,1
一下,1
椅子,1
一点儿,1
一些,1
有,1
有的,1
有点儿,1
有些,1
雨,1
元,1
月,1
再,1
在,1
再见,1
早,1
早饭,1
早上,1
怎么,1
怎么样,1
找,1
这,1
这边,1
这个,1
这里,1
这儿,1
这些,1
真,1
正在,1
只,1
知道,1
中国,1
中文,1
中午,1
中学,1
中学生,1
住,1
桌子,1
字,1
昨天,1
坐,1
做,1
做饭,1
啊,2
爱好,2
白色,2
班,2
帮,2
帮忙,2
包,2
本子,2
比,2
笔,2
别,2
不错,2
不好意思,2
长,2
车站,2
出,2
出国,2
出来,2
出门,2
出去,2
床,2
词,2
次,2
从,2
从小,2
错,2
打,2
打车,2
打开,2
但,2
但是,2
得,2
地,2
等,2
地铁,2
点,2
懂,2
动,2
饭馆,2
飞,2
高,2
高中,2
告诉,2
个子,2
跟,2
公交车,2
过,2
过来,2
过年,2
过去,2
过,2
还是,2
黑色,2
红茶,2
红色,2
后面,2
花,2
花2,2
画,2
坏,2
回来,2
回去,2
机场,2
机票,2
记得,2
间,2
教,2
教室,2
介绍,2
进,2
近,2
进来,2
进去,2
经常,2
酒店,2
就,2
咖啡,2
开始,2
开学,2
考,2
考试,2
可能,2
裤子,2
快,2
快乐,2
快要,2
篮球,2
累,2
离,2
里面,2
楼,2
路,2
路上,2
旅游,2
绿茶,2
绿色,2
慢,2
没意思,2
每,2
门,2
门又,2
门票,2
面,2
名,2
拿,2
那么,2
那样,2
奶茶,2
奶奶,2
男孩儿,2
鸟,2
女孩儿,2
旁边,2
跑,2
跑步,2
票,2
妻子,2
起来,2
前面,2
晴,2
球,2
让,2
肉,2
商场,2
上来,2
上面,2
上去,2
上网,2
身体,2
生日,2
时,2
事情,2
手,2
手表,2
书包,2
舒服,2
送,2
虽然,2
所以,2
疼,2
踢,2
题,2
条,2
跳舞,2
头,2
外国,2
外面,2
完,2
万,2
往,2
网上,2
忘,2
位,2
为什么,2
希望,2
洗,2
洗手间,2
下来,2
下面,2
下去,2
小孩儿,2
小时候,2
笑,2
姓,2
姓名,2
颜色,2
眼睛,2
药,2
药店,2
爷爷,2
一会儿,2
已经,2
一起,2
意思,2
阴,2
因为,2
游,2
游泳,2
有意思,2
有时,2
右,2
右边,2
鱼,2
远,2
运动,2
站,2
丈夫,2
这么,2
这样,2
着,2
正,2
周,2
准备,2
自己,2
走,2
走路,2
足球,2
最,2
左,2
左边,2
阿姨,3
矮,3
爱人,3
安静,3
安全,3
把,3
搬,3
班级,3
搬家,3
办,3
办法,3
办公室,3
半天,3
帮助,3
饱,3
报纸,3
北,3
北方,3
被,3
笔记,3
比较,3
笔记本,3
比如,3
比赛,3
必须,3
变,3
遍,3
变成,3
变化,3
表演,3
别的,3
别人,3
宾馆,3
冰,3
冰激凌,3
冰箱,3
病人,3
不但,3
不见,3
不用,3
不同,3
不久,3
不行,3
才,3
菜单,3
参加,3
草,3
草地,3
层,3
查,3
差,3
差不多,3
尝,3
常,3
常见,3
常用,3
常常,3
衬衫,3
成绩,3
城市,3
迟到,3
出发,3
出生,3
出院,3
初中,3
除了,3
船,3
春天,3
词典,3
聪明,3
打扫,3
打算,3
大概,3
大人,3
大小,3
大熊猫,3
大衣,3
带,3
担心,3
蛋糕,3
当然,3
到处,3
得,3
得到,3
得分,3
的话,3
得,3
灯,3
地,3
地点,3
地方,3
地图,3
电,3
电梯,3
电子书,3
丢,3
东,3
东北,3
东方,3
东南,3
冬天,3
懂得,3
动物,3
动物园,3
短,3
短裤,3
段,3
锻炼,3
对话,3
饿,3
而且,3
耳朵,3
耳机,3
发,3
发烧,3
发生,3
发现,3
发展,3
方便,3
方便面,3
方法,3
方向,3
房子,3
放,3
放假,3
放心,3
放学,3
分开,3
风,3
封,3
夫妻,3
服务,3
附近,3
复习,3
该,3
干净,3
感兴趣,3
感到,3
感冒,3
干,3
刚,3
刚才,3
刚刚,3
高铁,3
根据,3
更,3
公斤,3
公园,3
工作日,3
故事,3
刮,3
关,3
关机,3
关系,3
关心,3
关于,3
关注,3
国家,3
过节,3
过去,3
海,3
害怕,3
好多,3
好久,3
好像,3
号码,3
河,3
合适,3
黑板,3
红绿灯,3
后来,3
后年,3
后天,3
护照,3
花园,3
画家,3
欢迎,3
还,3
环境,3
换,3
黄色,3
回答,3
会,3
会议,3
或,3
或者,3
鸡,3
几乎,3
机会,3
极,3
急,3
记,3
季,3
季节,3
加,3
假期,3
坚持,3
检查,3
简单,3
检票,3
健康,3
见面,3
讲,3
角,3
脚,3
接,3
街,3
节,3
结婚,3
节目,3
节日,3
结束,3
解决,3
姐妹,3
借,3
斤,3
经过,3
经理,3
久,3
酒,3
旧,3
句,3
句子,3
决定,3
卡,3
开花,3
开会,3
开机,3
开心,3
看来,3
可,3
渴,3
可爱,3
可是,3
刻,3
课本,3
客人,3
课文,3
空调,3
哭,3
筷子,3
矿泉水,3
来自,3
蓝,3
老,3
老人,3
离开,3
礼物,3
历史,3
脸,3
练,3
练习,3
凉快,3
辆,3
聊,3
聊天儿,3
了解,3
邻居,3
留学,3
留学生,3
楼梯,3
路边,3
路又,3
马,3
马路,3
马上,3
满意,3
毛,3
米,3
面前,3
明白,3
名单,3
名人,3
南,3
难,3
南方,3
难过,3
难看,3
男人,3
男生,3
难题,3
难听,3
年级,3
年轻,3
牛,3
努力,3
女人,3
女生,3
爬,3
怕,3
拍照,3
盘子,3
胖,3
啤酒,3
平时,3
瓶子,3
骑,3
奇怪,3
其实,3
其他,3
起,3
起飞,3
汽车,3
铅笔,3
前年,3
前天,3
清楚,3
请假,3
请客,3
秋天,3
球场,3
裙子,3
然后,3
热情,3
认得,3
认为,3
认真,3
容易,3
如果,3
伞,3
扫,3
沙发,3
山,3
上衣,3
勺子,3
身边,3
身高,3
声,3
生活,3
生气,3
声音,3
市,3
试,3
室,3
世界,3
收,3
收到,3
受,3
瘦,3
受到,3
叔叔,3
树,3
数学,3
刷,3
双,3
水平,3
司机,3
四季,3
太阳,3
糖,3
特别,3
提高,3
体育,3
体育馆,3
甜,3
跳,3
听说,3
挺,3
同事,3
同意,3
头发,3
突然,3
图书馆,3
腿,3
外地,3
外卖,3
外语,3
完成,3
碗,3
晚点,3
晚会,3
网球,3
网站,3
忘记,3
为,3
为了,3
卫生间,3
文化,3
屋子,3
西,3
西北,3
西方,3
西瓜,3
西南,3
习惯,3
喜爱,3
洗衣机,3
洗澡,3
夏天,3
先,3
香蕉,3
相信,3
箱子,3
向,3
像,3
相机,3
小区,3
小心,3
校园,3
校长,3
鞋,3
心里,3
新年,3
新闻,3
新鲜,3
信,3
信用卡,3
行,3
行李,3
兴趣,3
休假,3
需要,3
选,3
选择,3
学期,3
牙,3
牙刷,3
羊,3
养,3
要求,3
页,3
一定,3
一共,3
一块儿,3
一样,3
以后,3
以前,3
以上,3
以外,3
以为,3
以下,3
一般,3
一边,3
一直,3
音乐,3
银行,3
银行卡,3
饮料,3
应该,3
影响,3
用,3
邮件,3
游客,3
游戏,3
邮箱,3
有关,3
有名,3
有用,3
又,3
羽毛球,3
语言,3
雨衣,3
遇到,3
遇见,3
园,3
员,3
愿意,3
越,3
月亮,3
运动会,3
运动员,3
咱们,3
脏,3
怎么办,3
怎样,3
站,3
张,3
长,3
着急,3
照,3
照顾,3
照片,3
照相,3
直到,3
只,3
纸,3
只能,3
只是,3
只要,3
只有,3
中,3
中间,3
终于,3
种,3
重要,3
周末,3
主要,3
注意,3
住院,3
字典,3
自行车,3
子,3
总,3
总是,3
嘴,3
最好,3
最后,3
最近,3
做客,3
作业,3
啊,4
爱情,4
爱心,4
安检,4
安排,4
按,4
按时,4
按照,4
白酒,4
办公,4
办理,4
办事,4
棒,4
保护,4
保证,4
抱,4
报考,4
报名,4
抱歉,4
背,4
背包,4
北部,4
倍,4
本科,4
本来,4
笨,4
鼻子,4
笔试,4
毕业,4
毕业生,4
便于,4
标准,4
表,4
表格,4
表示,4
表现,4
表扬,4
饼干,4
并,4
并且,4
播放,4
博士,4
不必,4
不便,4
不断,4
不够,4
不过,4
不论,4
步,4
部,4
不得不,4
部分,4
不管,4
不光,4
不仅,4
不满,4
部门,4
不如,4
擦,4
猜,4
材料,4
参观,4
参赛,4
餐厅,4
操场,4
厕所,4
查看,4
茶叶,4
查找,4
差点儿,4
产生,4
厂,4
场,4
超过,4
车速,4
车位,4
城,4
乘,4
成功,4
乘客,4
诚实,4
成为,4
乘坐,4
吃惊,4
迟,4
重,4
重新,4
出差,4
出又,4
出现,4
出行,4
出租,4
厨房,4
厨师,4
窗,4
窗户,4
吹,4
词语,4
此,4
此次,4
此外,4
从此,4
从来,4
从中,4
粗,4
粗心,4
村,4
存,4
错过,4
错误,4
答应,4
答,4
答案,4
达到,4
打招呼,4
打败,4
打工,4
打扰,4
打印,4
打印机,4
打折,4
打针,4
大巴,4
大大,4
大夫,4
大量,4
大赛,4
大厅,4
大约,4
大自然,4
待,4
戴,4
袋子,4
单位,4
当,4
当时,4
刀,4
导游,4
倒,4
道,4
到底,4
到来,4
道路,4
道歉,4
得意,4
登机,4
等,4
等到,4
低,4
低价,4
低温,4
低于,4
底,4
底下,4
地球,4
地址,4
点名,4
点头,4
电动车,4
电视剧,4
掉,4
调查,4
订,4
定,4
东部,4
动车,4
动作,4
读者,4
堵车,4
度假,4
肚子,4
短信,4
队,4
对方,4
对面,4
对于,4
队员,4
队长,4
顿,4
多么,4
多数,4
多样,4
而,4
儿童,4
发出,4
发送,4
法,4
法律,4
翻译,4
烦,4
烦恼,4
反对,4
方面,4
方式,4
房东,4
房租,4
放弃,4
放松,4
费,4
费用,4
分数,4
分为,4
份,4
丰富,4
风景,4
否则,4
幅,4
符合,4
付,4
父母,4
父女,4
父亲,4
复印,4
复杂,4
负责,4
负责人,4
父子,4
改,4
改变,4
干,4
干杯,4
赶,4
敢,4
感,4
感动,4
赶紧,4
感觉,4
赶快,4
感情,4
感人,4
赶上,4
感受,4
感谢,4
干活儿,4
钢琴,4
高价,4
高考,4
高速,4
高温,4
高于,4
胳膊,4
歌声,4
歌手,4
各,4
各地,4
各个,4
各位,4
各种,4
更加,4
工厂,4
功夫,4
公共,4
功课,4
公里,4
公路,4
工人,4
工资,4
共,4
共同,4
够,4
购买,4
购物,4
估计,4
姑娘,4
鼓励,4
顾客,4
故意,4
挂,4
关键,4
观看,4
观众,4
管,4
管理,4
光,4
广播,4
广告,4
逛,4
规定,4
国籍,4
国际,4
果汁,4
过程,4
海洋,4
害羞,4
寒假,4
寒冷,4
喊,4
汗,4
航班,4
好处,4
好好,4
好笑,4
合格,4
盒子,4
红包,4
厚,4
后悔,4
忽然,4
互联网,4
护士,4
互相,4
话剧,4
怀疑,4
坏处,4
环保,4
换乘,4
回复,4
回信,4
回忆,4
会员,4
活,4
活动,4
活泼,4
火,4
货,4
获得,4
获奖,4
获取,4
基本,4
基本上,4
基础,4
激动,4
积极,4
积累,4
及时,4
即使,4
既,4
寄,4
计划,4
既然,4
技术,4
继续,4
记者,4
加班,4
家具,4
加快,4
加强,4
加入,4
加上,4
家庭,4
家乡,4
加油,4
加油站,4
家长,4
假,4
价格,4
价钱,4
假日,4
减,4
减轻,4
减少,4
健身,4
健身房,4
建议,4
江,4
将,4
将来,4
将要,4
奖,4
奖金,4
奖学金,4
降,4
降低,4
降价,4
降落,4
降温,4
交,4
骄傲,4
交警,4
交流,4
郊区,4
交通,4
教练,4
教师,4
教授,4
教学,4
教育,4
叫作,4
街道,4
接受,4
接着,4
结果,4
节假日,4
节约,4
结账,4
解释,4
今后,4
仅,4
尽管,4
仅仅,4
紧张,4
进入,4
进行,4
禁止,4
精彩,4
经济,4
京剧,4
经历,4
经验,4
警察,4
景点,4
景区,4
景色,4
竟然,4
竞争,4
镜子,4
究竟,4
就是,4
举,4
举办,4
举例,4
举行,4
聚,4
聚餐,4
聚会,4
拒绝,4
距离,4
剧院,4
开玩笑,4
看法,4
烤,4
考虑,4
考生,4
棵,4
科技,4
科学,4
咳,4
咳嗽,4
可惜,4
克,4
课程,4
客气,4
课堂,4
客厅,4
肯定,4
空,4
空气,4
恐怕,4
空,4
又语,4
苦,4
快餐,4
快递,4
快速,4
困,4
困难,4
拉,4
垃圾,4
辣,4
来不及,4
来得及,4
懒,4
浪费,4
浪漫,4
老虎,4
老家,4
老年,4
老是,4
冷静,4
理发,4
理解,4
礼貌,4
理想,4
厉害,4
力气,4
例如,4
例子,4
俩,4
连,4
联系,4
凉,4
量,4
两,4
亮,4
列,4
零下,4
零花钱,4
零钱,4
零食,4
另,4
另外,4
留,4
流,4
流利,4
留下,4
流行,4
路过,4
旅馆,4
旅客,4
旅行,4
律师,4
乱,4
落,4
麻烦,4
馒头,4
满,4
毛巾,4
毛衣,4
帽子,4
美,4
美好,4
美景,4
美丽,4
美食,4
梦,4
梦想,4
密码,4
免费,4
面对,4
面试,4
秒,4
民族,4
末,4
母女,4
母亲,4
母子,4
目标,4
目的,4
目的地,4
目前,4
耐心,4
南部,4
难道,4
男士,4
难受,4
难忘,4
男性,4
内,4
内容,4
内心,4
能否,4
能够,4
能力,4
嗯,4
年底,4
年龄,4
农村,4
弄,4
女性,4
暖和,4
偶尔,4
拍,4
排,4
牌,4
排队,4
排球,4
牌子,4
判断,4
陪,4
批评,4
皮肤,4
脾气,4
皮鞋,4
篇,4
片,4
乒乓球,4
平常,4
破,4
葡萄,4
葡萄酒,4
普遍,4
普通,4
普通话,4
期,4
期末,4
期中,4
其次,4
其中,4
起到,4
气,4
气候,4
汽水,4
气温,4
千克,4
千万,4
签证,4
前方,4
前后,4
强,4
敲,4
桥,4
巧,4
巧克力,4
亲戚,4
琴,4
轻,4
青年,4
轻松,4
情况,4
庆祝,4
球队,4
球迷,4
区,4
区别,4
取,4
取得,4
取消,4
全,4
全部,4
全都,4
全球,4
全身,4
缺,4
缺点,4
缺少,4
却,4
确实,4
然而,4
热闹,4
人生,4
人数,4
人员,4
任何,4
任务,4
扔,4
仍,4
仍然,4
日常,4
日记,4
日期,4
日子,4
入,4
入又,4
入学,4
入住,4
散步,4
扫码,4
森林,4
商量,4
商品,4
伤心,4
上门,4
稍,4
稍微,4
少见,4
少量,4
少数,4
少年,4
社会,4
摄氏度,4
身,4
深,4
身份证,4
申请,4
甚至,4
生,4
生,4
生命,4
生意,4
省,4
剩,4
失败,4
师傅,4
失去,4
师生,4
失望,4
十分,4
实际,4
时间表,4
实际上,4
食品,4
食堂,4
食物,4
实在,4
十字路又,4
使,4
使馆,4
使用,4
市场,4
是否,4
适合,4
世纪,4
视频,4
市区,4
试题,4
适应,4
收费,4
收入,4
收拾,4
收听,4
首,4
首都,4
首先,4
受不了,4
售票员,4
受伤,4
输,4
熟,4
熟悉,4
暑假,4
数,4
数量,4
树林,4
数字,4
帅,4
顺便,4
顺利,4
顺序,4
说法,4
说明,4
说明书,4
硕士,4
死,4
速度,4
塑料,4
酸,4
酸奶,4
算,4
随便,4
随着,4
孙女,4
孙子,4
所有,4
台,4
抬,4
抬头,4
态度,4
弹,4
谈,4
汤,4
躺,4
趟,4
讨论,4
讨厌,4
特点,4
提,4
提出,4
提到,4
提供,4
提前,4
提醒,4
体检,4
体温,4
体重,4
填写,4
条件,4
听力,4
听众,4
停,4
停车,4
停车场,4
停止,4
通,4
通过,4
通知,4
童年,4
同时,4
同样,4
桶,4
痛,4
头痛,4
图,4
图片,4
土,4
推,4
推迟,4
推出,4
脱,4
袜子,4
外出,4
外套,4
完全,4
晚安,4
晚餐,4
网购,4
往往,4
网页,4
网友,4
网址,4
危险,4
为,4
味,4
味道,4
卫生,4
温度,4
闻,4
文件,4
文章,4
文字,4
污染,4
无,4
无法,4
无聊,4
无论,4
午餐,4
误会,4
吸,4
西部,4
西红柿,4
吸引,4
细,4
细心,4
下降,4
鲜,4
鲜花,4
咸,4
现金,4
羡慕,4
线上,4
线下,4
现有,4
香,4
相比,4
相反,4
相互,4
相同,4
详细,4
响,4
想法,4
项,4
消息,4
小吃,4
小伙子,4
小说,4
小组,4
效果,4
笑话,4
血,4
心,4
辛苦,4
心情,4
信号,4
信息,4
信心,4
兴奋,4
星星,4
醒,4
性,4
性别,4
幸福,4
性格,4
兄弟,4
熊,4
修,4
修理,4
许多,4
学费,4
学院,4
压,4
压力,4
牙膏,4
亚洲,4
烟,4
盐,4
严格,4
研究,4
研究生,4
严重,4
演,4
演唱,4
演出,4
眼镜,4
眼前,4
演员,4
阳光,4
养成,4
样子,4
邀请,4
要是,4
钥匙,4
也许,4
夜,4
夜晚,4
叶子,4
一切,4
已,4
以内,4
意见,4
一生,4
艺术,4
因此,4
引起,4
印象,4
赢,4
赢得,4
应聘,4
勇敢,4
永远,4
用来,4
用于,4
优点,4
幽默,4
优秀,4
由,4
油,4
尤其,4
游玩,4
由于,4
友好,4
友情,4
有趣,4
有效,4
友谊,4
有着,4
愉快,4
于是,4
与,4
语法,4
预习,4
原来,4
原谅,4
原因,4
远离,4
院长,4
院子,4
约,4
约会,4
月饼,4
阅读,4
月份,4
云,4
允许,4
杂志,4
再次,4
再说,4
暂时,4
暂停,4
早餐,4
早晨,4
责任,4
增加,4
增长,4
招聘,4
着,4
着火,4
者,4
真正,4
整,4
整个,4
整理,4
证,4
正常,4
正好,4
证件,4
证明,4
正确,4
正式,4
之,4
支持,4
支付,4
之后,4
之间,4
之前,4
知识,4
之中,4
值,4
值得,4
直接,4
植物,4
职业,4
指,4
指出,4
只好,4
纸巾,4
质量,4
至少,4
中餐,4
中年,4
种,4
重,4
重点,4
重视,4
周围,4
主意,4
祝,4
祝贺,4
著名,4
专门,4
专业,4
转,4
转发,4
转机,4
赚,4
装,4
准,4
准确,4
准时,4
资料,4
仔细,4
自,4
自然,4
自习,4
自信,4
自学,4
总结,4
租,4
组,4
最终,4
尊重,4
左右,4
座,4
做法,4
作家,4
做梦,4
作品,4
作为,4
座位,4
作文,4
作用,4
作者,4
哎,5
哎呀,5
唉,5
爱护,5
安,5
安全带,5
安慰,5
安装,5
暗,5
熬夜,5
把握,5
白,5
半夜,5
傍晚,5
包裹,5
包含,5
包括,5
包装,5
薄,5
宝,5
保,5
保安,5
宝贝,5
保持,5
保存,5
宝贵,5
保留,5
保险,5
保质期,5
报到,5
报道,5
报告,5
报警,5
暴雨,5
抱怨,5
背,5
背后,5
背景,5
被子,5
本,5
本地,5
本领,5
本人,5
本质,5
彼此,5
比分,5
比例,5
比喻,5
必,5
毕竟,5
避免,5
闭幕式,5
必然,5
必需,5
必要,5
便,5
变动,5
便利,5
便利店,5
标题,5
标志,5
表达,5
表面,5
表明,5
表情,5
别,5
饼,5
病房,5
病情,5
拨打,5
玻璃,5
博物馆,5
不利,5
不幸,5
不要紧,5
补充,5
不得了,5
不符,5
不良,5
不然,5
步行,5
不足,5
才,5
裁判,5
采访,5
采取,5
彩色,5
采用,5
参考,5
餐饮,5
参与,5
藏,5
操作,5
册,5
测,5
测试,5
曾,5
曾经,5
插,5
差别,5
差距,5
叉子,5
拆,5
产,5
产量,5
产品,5
产业,5
长处,5
长度,5
长久,5
长期,5
常识,5
尝试,5
长途,5
长远,5
场所,5
超,5
超出,5
超级,5
超速,5
朝,5
吵,5
炒,5
车祸,5
车库,5
车辆,5
车厢,5
车主,5
彻底,5
沉,5
沉默,5
称1,5
称2,5
称为,5
称赞,5
成本,5
承担,5
程度,5
成分,5
成果,5
成就,5
成立,5
成年,5
城区,5
成人,5
承认,5
承受,5
成熟,5
乘务员,5
程序,5
成员,5
成长,5
橙子,5
池,5
持续,5
尺子,5
翅膀,5
冲,5
充电,5
充分,5
充满,5
充值,5
充足,5
重复,5
虫子,5
宠物,5
抽,5
丑,5
臭,5
初,5
出版,5
初级,5
初期,5
出色,5
出售,5
出席,5
出自,5
除夕,5
处,5
处理,5
处于,5
处,5
传,5
传播,5
传递,5
传说,5
传统,5
窗台,5
床单,5
创新,5
创业,5
创造,5
创作,5
词汇,5
辞职,5
此后,5
此前,5
此时,5
刺激,5
从不,5
从而,5
从前,5
从事,5
促进,5
促使,5
促销,5
催,5
存放,5
存款,5
存在,5
措施,5
达成,5
打扮,5
打包,5
打断,5
打破,5
打听,5
大胆,5
大多,5
大会,5
大力,5
大妈,5
大米,5
大脑,5
大批,5
大厦,5
大事,5
大象,5
大型,5
大爷,5
大于,5
大众,5
代,5
代表,5
带动,5
代替,5
待遇,5
单,5
单独,5
担任,5
单一,5
单元,5
胆小,5
淡,5
当地,5
当年,5
当前,5
当中,5
挡,5
当,5
当成,5
当作,5
倒,5
导演,5
导致,5
到达,5
道理,5
到期,5
登,5
灯光,5
登记,5
登录,5
等待,5
等候,5
等于,5
低头,5
的确,5
敌人,5
递,5
地理,5
地面,5
地区,5
地位,5
地下,5
地震,5
点心,5
点赞,5
电池,5
电动,5
电器,5
电商,5
电视台,5
电子版,5
调,5
调研,5
定期,5
丢失,5
冻,5
洞,5
动画,5
动人,5
动手,5
豆腐,5
豆浆,5
独立,5
独特,5
读音,5
独自,5
堵,5
度,5
短处,5
短期,5
断,5
堆,5
对比,5
对待,5
对手,5
队伍,5
对象,5
吨,5
朵,5
躲,5
儿女,5
二手,5
二维码,5
发表,5
发布,5
发达,5
发挥,5
发明,5
发起,5
发言,5
发音,5
罚,5
罚款,5
法院,5
翻,5
番茄,5
繁荣,5
反,5
反而,5
反复,5
返回,5
反应,5
反映,5
反正,5
范围,5
方,5
方案,5
防,5
房屋,5
防止,5
仿佛,5
访问,5
飞行,5
飞行员,5
非洲,5
分别,5
分布,5
纷纷,5
分类,5
分离,5
分配,5
分手,5
分析,5
分享,5
奋斗,5
丰富多彩,5
风格,5
疯狂,5
风俗,5
风险,5
否定,5
否认,5
夫妇,5
扶,5
福,5
服装,5
副,5
富,5
付出,5
负担,5
妇女,5
富有,5
复制,5
改革,5
改进,5
改善,5
改天,5
改正,5
盖,5
概括,5
概念,5
敢于,5
刚好,5
高大,5
高档,5
高度,5
高级,5
高科技,5
高效,5
搞,5
告别,5
歌词,5
歌曲,5
隔,5
格外,5
个别,5
各行各业,5
个人,5
个性,5
各自,5
根,5
根本,5
更换,5
更新,5
公布,5
工程,5
工程师,5
工具,5
功能,5
公平,5
公务员,5
恭喜,5
工业,5
工艺,5
公寓,5
贡献,5
共享,5
沟通,5
构成,5
古,5
鼓,5
古代,5
古老,5
鼓掌,5
固定,5
故乡,5
挂号,5
怪,5
关闭,5
观察,5
观点,5
观念,5
冠军,5
光临,5
光明,5
光线,5
广,5
广场,5
广大,5
广泛,5
规律,5
规模,5
规则,5
贵姓,5
柜子,5
滚,5
锅,5
国画,5
国庆,5
果然,5
果实,5
过度,5
过分,5
过敏,5
过期,5
过于,5
哈,5
海关,5
海外,5
海鲜,5
含,5
含量,5
含有,5
汗水,5
行,5
行业,5
好评,5
好运,5
好转,5
好,5
好奇,5
合,5
合法,5
盒饭,5
合理,5
河流,5
合同,5
合影,5
合作,5
黑,5
红,5
猴子,5
厚度,5
后果,5
忽视,5
呼吸,5
湖,5
蝴蝶,5
胡同,5
互动,5
户外,5
花费,5
滑,5
划,5
化,5
话费,5
画面,5
话题,5
化学,5
环节,5
缓解,5
缓慢,5
黄瓜,5
黄金,5
灰,5
挥,5
恢复,5
灰色,5
回收,5
汇率,5
婚礼,5
伙,5
伙伴,5
火锅,5
或是,5
货物,5
或许,5
机构,5
激烈,5
机器,5
机器人,5
肌肉,5
及,5
级,5
集,5
疾病,5
及格,5
集合,5
即将,5
急忙,5
极其,5
集体,5
急需,5
急诊,5
集中,5
挤,5
系,5
季度,5
记录,5
纪录,5
纪录片,5
技能,5
纪念,5
纪念日,5
计算,5
计算机,5
记忆,5
记载,5
嘉宾,5
家电,5
加工,5
加热,5
加深,5
加速,5
家务,5
甲,5
假如,5
架,5
驾驶,5
驾照,5
价值,5
艰苦,5
坚强,5
捡,5
剪,5
剪刀,5
减肥,5
简历,5
简直,5
建,5
键,5
渐渐,5
建立,5
键盘,5
建设,5
建造,5
建筑,5
将近,5
讲话,5
讲究,5
奖励,5
讲述,5
讲座,5
降水,5
浇,5
交换,5
交往,5
交易,5
脚步,5
角度,5
较,5
教材,5
接触,5
接待,5
阶段,5
接近,5
接收,5
结,5
结构,5
结合,5
结论,5
节省,5
届,5
今日,5
紧,5
紧急,5
尽快,5
尽量,5
紧密,5
谨慎,5
进步,5
近代,5
进又,5
尽力,5
近年来,5
近期,5
近日,5
进一步,5
经典,5
精力,5
精神,5
惊喜,5
经营,5
静,5
酒吧,5
久远,5
救,5
救护车,5
就业,5
居民,5
居然,5
居住,5
橘子,5
据,5
距,5
具备,5
剧场,5
巨大,5
据说,5
具体,5
具有,5
捐,5
绝对,5
决赛,5
角色,5
决心,5
开发,5
开放,5
开幕,5
开幕式,5
开水,5
开通,5
开业,5
开展,5
看,5
看望,5
看作,5
靠,5
靠近,5
颗,5
科研,5
可见,5
可靠,5
可怕,5
克服,5
客服,5
客观,5
客户,5
空间,5
空中,5
控制,5
又袋,5
又味,5
库,5
宽,5
宽度,5
亏,5
昆虫,5
扩大,5
来源,5
劳verb,5
老百姓,5
老板,5
老公,5
姥姥,5
老婆,5
姥爷,5
乐观,5
乐趣,5
泪,5
类,5
泪水,5
类似,5
类型,5
梨,5
离婚,5
厘米,5
离职,5
理论,5
里头,5
理由,5
力,5
立即,5
立刻,5
力量,5
利润,5
利益,5
利用,5
联合,5
连接,5
连忙,5
连续,5
脸色,5
恋爱,5
良好,5
粮食,5
量,5
了不起,5
列车,5
临时,5
铃,5
灵活,5
领,5
领带,5
领导,5
领取,5
领先,5
领域,5
令,5
流传,5
流感,5
浏览,5
留言,5
龙,5
漏,5
录,5
陆地,5
录取,5
路人,5
路线,5
陆续,5
录音,5
旅行社,5
论文,5
逻辑,5
骂,5
买卖,5
满足,5
忙碌,5
毛笔,5
毛病,5
矛盾,5
没法儿,5
玫瑰,5
媒体,5
美术,5
美味,5
魅力,5
门诊,5
迷,5
迷路,5
秘密,5
密切,5
秘书,5
面2,5
面积,5
面临,5
面向,5
描述,5
敏感,5
名称,5
名牌,5
名片,5
明确,5
明显,5
明星,5
命,5
命运,5
摸,5
模糊,5
模式,5
陌生,5
某,5
目光,5
木头,5
哪怕,5
难得,5
难度,5
难以,5
男子,5
闹,5
闹钟,5
内部,5
能干,5
年初,5
年代,5
年纪,5
年夜饭,5
念,5
牛仔裤,5
浓,5
农民,5
农业,5
女子,5
哦,5
欧洲,5
偶然,5
拍摄,5
排列,5
派,5
派出所,5
跑道,5
赔,5
陪伴,5
培训,5
培养,5
配,5
配合,5
配送,5
盆,5
碰,5
碰见,5
批1,5
批2,5
批准,5
匹,5
骗,5
拼,5
拼音,5
品,5
品牌,5
品质,5
品种,5
聘请,5
平,5
评,5
凭,5
平安,5
平衡,5
评价,5
凭借,5
平静,5
平均,5
屏幕,5
平台,5
破坏,5
普及,5
期待,5
期间,5
齐,5
其,5
奇迹,5
其余,5
企业,5
气球,5
汽油,5
签,5
签订,5
签名,5
签字,5
前进,5
前来,5
前途,5
前往,5
浅,5
欠,5
墙,5
强大,5
强调,5
强度,5
强烈,5
抢,5
抢救,5
悄悄,5
切,5
亲,5
亲爱,5
亲朋好友,5
亲切,5
亲情,5
亲人,5
亲自,5
勤奋,5
青,5
轻易,5
轻重,5
情感,5
情景,5
情绪,5
请教,5
请求,5
穷,5
趋势,5
区域,5
去世,5
权,5
权利,5
全力,5
全面,5
全体,5
全新,5
劝,5
缺乏,5
确保,5
确定,5
确认,5
群,5
群体,5
燃烧,5
绕,5
热爱,5
热量,5
热烈,5
热心,5
人才,5
人工,5
人际,5
人又,5
人类,5
人力,5
人民,5
人民币,5
人群,5
人体,5
人物,5
忍,5
认,5
日历,5
日用品,5
如,5
如此,5
如何,5
如今,5
如同,5
如下,5
软,5
软件,5
弱,5
洒,5
赛场,5
色彩,5
沙漠,5
沙子,5
傻,5
晒,5
删,5
扇,5
删除,5
山区,5
擅长,5
善良,5
善于,5
扇子,5
伤,5
伤害,5
商家,5
商人,5
商务,5
商业,5
赏,5
上传,5
上升,5
上下,5
上涨,5
烧,5
烧烤,5
蛇,5
舍不得,5
舍得,5
设备,5
设计,5
设立,5
社区,5
设施,5
摄影,5
设置,5
伸,5
身材,5
深度,5
身份,5
深厚,5
深刻,5
深入,5
深远,5
神话,5
神秘,5
升,5
生产,5
生存,5
生动,5
升级,5
升温,5
生物,5
生肖,5
生长,5
省,5
省份,5
省会,5
胜,5
胜利,5
诗,5
湿,5
失恋,5
失眠,5
诗人,5
失误,5
失业,5
时差,5
时常,5
时代,5
实践,5
时刻,5
实力,5
时期,5
实施,5
石头,5
实习,5
实现,5
实行,5
实验,5
实验室,5
实用,5
食用,5
使得,5
始终,5
式,5
适当,5
似的,5
事故,5
事件,5
试卷,5
市民,5
事实,5
视为,5
事物,5
事先,5
试验,5
事业,5
试用,5
适用,5
收获,5
收集,5
收看,5
守,5
首次,5
手段,5
手工,5
手术,5
手套,5
手续,5
手指,5
售价,5
蔬菜,5
书法,5
书房,5
书架,5
输入,5
舒适,5
熟练,5
熟人,5
数,5
鼠标,5
属于,5
束,5
数据,5
树木,5
摔,5
双方,5
水分,5
税,5
睡眠,5
顺,5
说不定,5
说服,5
思考,5
私人,5
思维,5
思想,5
四处,5
似乎,5
四周,5
搜,5
搜索,5
宿舍,5
酸甜苦辣,5
随,5
随后,5
随时,5
随手,5
随意,5
碎,5
损害,5
损失,5
缩短,5
缩小,5
所,5
锁,5
他人,5
台灯,5
台阶,5
太太,5
谈话,5
桃,5
套,5
特产,5
特色,5
特殊,5
特有,5
特征,5
疼痛,5
提倡,5
提交,5
题目,5
提起,5
提升,5
提问,5
体会,5
体力,5
体现,5
体验,5
替,5
天空,5
天上,5
填,5
甜品,5
挑,5
挑选,5
调,5
调皮,5
调整,5
挑战,5
跳高,5
跳远,5
贴,5
铁路,5
停留,5
通常,5
通行,5
同,5
同情,5
同一,5
统计,5
统一,5
痛苦,5
投,5
投入,5
头,5
突出,5
图画,5
图书,5
土地,5
土豆,5
兔子,5
团,5
团队,5
推动,5
推广,5
推荐,5
推进,5
退,5
退出,5
退还,5
退休,5
拖鞋,5
外部,5
外公,5
外观,5
外婆,5
外形,5
弯,5
玩具,5
完美,5
完善,5
完整,5
万一,5
往返,5
网络,5
危害,5
微笑,5
威胁,5
围,5
为,5
维持,5
违法,5
违反,5
围巾,5
围绕,5
维修,5
唯一,5
尾巴,5
伟大,5
胃,5
喂,5
未来,5
位于,5
位置,5
温暖,5
文学,5
稳定,5
问卷,5
握,5
卧室,5
握手,5
无关,5
无奈,5
无数,5
无限,5
无效,5
舞蹈,5
武术,5
舞台,5
五颜六色,5
雾,5
物价,5
物理,5
物品,5
物业,5
物质,5
西餐,5
吸管,5
吸收,5
西装,5
戏,5
系,5
细节,5
戏剧,5
系统,5
下载,5
先后,5
先进,5
闲,5
显得,5
显然,5
显示,5
县,5
现场,5
现代,5
现代化,5
线路,5
现实,5
现象,5
限制,5
现状,5
乡,5
相处,5
乡村,5
相当,5
相对,5
相关,5
相似,5
想念,5
响声,5
享受,5
想象,5
相册,5
项目,5
橡皮,5
向上,5
象征,5
消费,5
消费者,5
消化,5
消极,5
销量,5
消失,5
销售,5
小姐,5
小型,5
小于,5
效率,5
斜,5
协议,5
写作,5
新郎,5
心理,5
新娘,5
新人,5
欣赏,5
心态,5
新型,5
信封,5
信任,5
信用,5
行程,5
形成,5
行动,5
行人,5
形容,5
形式,5
形势,5
行驶,5
行为,5
形象,5
形状,5
行走,5
幸运,5
性质,5
修改,5
修建,5
休闲,5
需,5
需求,5
虚心,5
宣布,5
宣传,5
选手,5
学分,5
学科,5
学历,5
学年,5
学术,5
学者,5
雪糕,5
询问,5
寻找,5
训练,5
迅速,5
呀,5
押金,5
压岁钱,5
鸭子,5
牙齿,5
沿,5
延长,5
研发,5
严肃,5
研制,5
眼,5
演讲,5
眼泪,5
阳台,5
样式,5
腰,5
摇,5
咬,5
要不,5
要不是,5
药品,5
药物,5
夜间,5
夜市,5
业务,5
业余,5
依据,5
依靠,5
医疗,5
依然,5
医学,5
移,5
一次性,5
一代,5
一旦,5
移动,5
遗憾,5
一路,5
一路顺风,5
疑问,5
一致,5
乙,5
以,5
以及,5
以来,5
亿,5
意识,5
意外,5
意味着,5
义务,5
意义,5
因而,5
音量,5
因素,5
引进,5
饮食,5
印刷,5
应当,5
迎,5
迎接,5
营养,5
营业,5
影片,5
影视,5
硬,5
应对,5
硬件,5
应用,5
拥抱,5
拥有,5
勇气,5
用法,5
用户,5
用力,5
用品,5
用途,5
优惠,5
悠久,5
优良,5
优美,5
优势,5
优质,5
由此,5
邮寄,5
邮局,5
游览,5
邮票,5
油条,5
犹豫,5
有害,5
有力,5
有利,5
有限,5
有益,5
有助于,5
幼儿园,5
娱乐,5
语气,5
雨水,5
语文,5
语音,5
预报,5
预测,5
预订,5
预防,5
预计,5
玉米,5
预约,5
原,5
圆,5
原有,5
元旦,5
员工,5
原则,5
愿,5
愿望,5
约定,5
运,5
运费,5
运气,5
运输,5
运用,5
在场,5
在乎,5
在内,5
在线,5
在于,5
赞成,5
糟,5
糟糕,5
早期,5
早晚,5
早已,5
造,5
造成,5
增,5
增进,5
增强,5
赠,5
赠送,5
炸,5
摘,5
窄,5
展出,5
展开,5
展览,5
展示,5
展现,5
占,5
站台,5
占线,5
涨,5
涨价,5
掌声,5
掌握,5
账号,5
账户,5
着凉,5
召开,5
折扣,5
哲学,5
真诚,5
针对,5
珍贵,5
真实,5
珍惜,5
诊断,5
阵,5
争,5
争取,5
整齐,5
整体,5
整整,5
挣,5
政府,5
证据,5
正如,5
证书,5
政治,5
支,5
知名,5
直,5
直播,5
职场,5
职工,5
执行,5
止,5
指导,5
至,5
治,5
制订,5
制定,5
制度,5
智慧,5
至今,5
治疗,5
智能,5
志愿者,5
制造,5
制作,5
中华,5
中华民族,5
中级,5
中介,5
中期,5
中外,5
中心,5
中药,5
中医,5
种类,5
种子,5
重大,5
众多,5
重量,5
种植,5
周年,5
猪,5
逐步,5
逐渐,5
竹子,5
煮,5
主持,5
主动,5
主观,5
主人,5
主任,5
主食,5
主题,5
主席,5
注册,5
住房,5
住宿,5
住址,5
注重,5
抓,5
抓紧,5
专家,5
专心,5
转变,5
转告,5
装饰,5
装修,5
撞,5
状况,5
状态,5
追,5
追求,5
资格,5
资金,5
姿势,5
咨询,5
资源,5
紫,5
子女,5
自从,5
自动,5
自觉,5
字母,5
自身,5
自由,5
综合,5
总部,5
总共,5
总数,5
总体,5
总统,5
总之,5
租金,5
族,5
足够,5
组成,5
组合,5
阻止,5
组织,5
嘴巴,5
醉,5
最初,5
最佳,5
尊敬,5
遵守,5
作出,5
岸,6
案例,6
按摩,6
暗示,6
昂贵,6
白白,6
白领,6
摆,6
摆放,6
百分点,6
百货,6
摆脱,6
败,6
拜访,6
拜年,6
版,6
版本,6
伴随,6
扮演,6
榜样,6
棒球,6
保管,6
保健,6
保暖,6
保修,6
保障,6
爆,6
爆发,6
报刊,6
暴力,6
暴露,6
报社,6
爆炸,6
悲观,6
悲剧,6
悲伤,6
北极,6
北美洲,6
被动,6
被迫,6
背心,6
备用,6
倍增,6
奔跑,6
本能,6
本身,6
本土,6
逼,6
比方,6
比重,6
闭,6
避,6
必修,6
编,6
编辑,6
编写,6
遍地,6
便捷,6
变质,6
兵,6
病毒,6
播,6
播种,6
博览会,6
薄弱,6
脖子,6
不耐烦,6
不顾,6
不料,6
不适,6
不至于,6
补,6
捕,6
补偿,6
补课,6
补贴,6
补习,6
布,6
不安,6
不曾,6
不成,6
不得,6
部队,6
不禁,6
不时,6
部位,6
不许,6
不宜,6
不已,6
布置,6
不止,6
步骤,6
猜测,6
财产,6
财富,6
才华,6
才能,6
财务,6
财物,6
材质,6
踩,6
采购,6
彩虹,6
采集,6
采纳,6
彩票,6
参展,6
残疾,6
仓库,6
草原,6
侧,6
策划,6
测量,6
策略,6
层次,6
层面,6
叉,6
差异,6
插座,6
查询,6
拆除,6
产出,6
产地,6
肠,6
长短,6
常规,6
常年,6
长寿,6
常温,6
场次,6
场地,6
场馆,6
场合,6
厂家,6
场景,6
场面,6
厂商,6
畅通,6
畅销,6
抄,6
超越,6
朝代,6
潮流,6
潮湿,6
嘲笑,6
炒股,6
吵架,6
撤回,6
撤销,6
沉重,6
趁,6
撑,6
称号,6
称呼,6
称作,6
成,6
乘,6
盛,6
承办,6
惩罚,6
成交,6
承诺,6
成千上万,6
呈现,6
成效,6
诚信,6
成语,6
城镇,6
持久,6
持有,6
尺,6
尺寸,6
冲动,6
冲击,6
充实,6
冲突,6
崇拜,6
重建,6
冲,6
抽奖,6
抽象,6
愁,6
筹备,6
初步,6
出场,6
初等,6
出境,6
出力,6
出名,6
出入,6
出示,6
出游,6
出于,6
除,6
除非,6
储存,6
处罚,6
储蓄,6
处处,6
穿过,6
传承,6
传达,6
传染,6
传染病,6
传授,6
传输,6
传真,6
船只,6
串,6
窗又,6
闯,6
创办,6
创建,6
创立,6
创意,6
垂直,6
纯,6
瓷器,6
此刻,6
刺,6
次数,6
匆匆,6
匆忙,6
从未,6
从业,6
醋,6
脆,6
脆弱,6
村庄,6
存储,6
寸,6
挫折,6
搭,6
搭配,6
答复,6
打交道,6
打动,6
打击,6
打架,6
打卡,6
打雷,6
打造,6
打仗,6
大臣,6
大吃一惊,6
大地,6
大都,6
大方,6
大幅,6
大伙儿,6
大使,6
大师,6
大洋洲,6
大致,6
呆,6
待,6
代价,6
贷款,6
代理,6
带领,6
单纯,6
单调,6
耽误,6
担忧,6
蛋白质,6
诞生,6
当场,6
当初,6
当代,6
当今,6
当面,6
当下,6
当选,6
档案,6
当天,6
岛,6
倒闭,6
倒车,6
导师,6
道德,6
倒是,6
得了,6
得以,6
得知,6
灯笼,6
等级,6
滴,6
低碳,6
抵达,6
抵抗,6
地道,6
地方,6
地形,6
地域,6
地质,6
点击,6
典礼,6
点燃,6
典型,6
电饭锅,6
电力,6
店铺,6
电源,6
吊,6
调动,6
钓鱼,6
跌,6
顶,6
订单,6
订婚,6
定价,6
定时,6
定位,6
定义,6
定制,6
栋,6
动机,6
动力,6
动漫,6
动态,6
动听,6
逗,6
斗争,6
都市,6
毒,6
渡,6
端,6
短缺,6
对称,6
对接,6
对抗,6
对立,6
对应,6
蹲,6
顿时,6
多才多艺,6
多亏,6
多媒体,6
多余,6
多元,6
夺,6
夺取,6
躲避,6
恶心,6
恶劣,6
儿科,6
耳环,6
二氧化碳,6
发病,6
发愁,6
发电,6
发动,6
发放,6
发光,6
发票,6
发行,6
发炎,6
发育,6
法定,6
法官,6
法规,6
番,6
繁忙,6
凡是,6
繁殖,6
反馈,6
反思,6
犯,6
方方面面,6
方位,6
方言,6
妨碍,6
房价,6
防治,6
访谈,6
放大,6
放飞,6
飞速,6
肥,6
肥胖,6
肥沃,6
肺,6
肺炎,6
分工,6
分级,6
分期,6
分散,6
氛围,6
粉,6
愤怒,6
封闭,6
风光,6
风力,6
丰收,6
风雨,6
奉献,6
夫人,6
服,6
浮,6
服从,6
幅度,6
符号,6
福利,6
服用,6
辅导,6
辅助,6
副2,6
覆盖,6
附件,6
负面,6
富裕,6
赋予,6
该,6
改编,6
改造,6
概率,6
肝,6
干脆,6
尴尬,6
干旱,6
干扰,6
干燥,6
感激,6
赶忙,6
感染,6
感想,6
钢笔,6
港又,6
岗位,6
高层,6
高超,6
高等,6
高端,6
高峰,6
高尚,6
高手,6
高新技术,6
高原,6
稿件,6
稿子,6
割,6
歌唱,6
隔壁,6
革命,6
个体,6
给予,6
跟前,6
跟随,6
跟踪,6
公,6
宫,6
公安,6
工地,6
工夫,6
公告,6
供给,6
攻击,6
公开,6
公民,6
公认,6
功效,6
工序,6
公益,6
供应,6
公元,6
公正,6
公众,6
公主,6
巩固,6
共计,6
沟,6
构造,6
孤独,6
姑姑,6
古典,6
古迹,6
股票,6
古人,6
股市,6
骨头,6
鼓舞,6
顾,6
固体,6
顾问,6
故障,6
拐,6
拐弯,6
官,6
关爱,6
官方,6
观光,6
关怀,6
关联,6
观赏,6
官员,6
管道,6
罐,6
广阔,6
归,6
规范,6
规划,6
归还,6
规矩,6
轨道,6
跪,6
贵重,6
棍,6
国宝,6
国产,6
国歌,6
国旗,6
国情,6
国王,6
过渡,6
过后,6
过时,6
海内外,6
海岸,6
海拔,6
海面,6
海域,6
害,6
寒冬,6
含义,6
罕见,6
旱灾,6
航空,6
毫不,6
毫无,6
毫米,6
毫升,6
好不,6
好感,6
好容易,6
好客,6
好学,6
号召,6
合并,6
合成,6
和平,6
和谐,6
核心,6
嘿,6
黑暗,6
痕迹,6
狠,6
恨,6
横,6
衡量,6
宏大,6
洪水,6
后代,6
后期,6
后人,6
后退,6
后者,6
忽略,6
壶,6
胡子,6
户,6
互助,6
花朵,6
花生,6
滑冰,6
滑行,6
滑雪,6
划,6
划分,6
化石,6
话筒,6
化妆,6
怀,6
怀念,6
怀孕,6
欢乐,6
环,6
还原,6
患,6
幻想,6
患者,6
黄,6
皇帝,6
灰尘,6
灰心,6
回报,6
回顾,6
回头,6
汇,6
汇报,6
绘画,6
会见,6
汇款,6
婚姻,6
混,6
混合,6
混乱,6
活力,6
活跃,6
火柴,6
火灾,6
货币,6
货车,6
击败,6
基地,6
机动车,6
饥饿,6
激发,6
基金,6
激励,6
激情,6
机械,6
基因,6
机遇,6
机制,6
即便,6
极端,6
急救,6
急切,6
集团,6
极为,6
吉祥,6
继承,6
季军,6
纪律,6
寂寞,6
技巧,6
技艺,6
夹,6
加倍,6
家常,6
家家户户,6
加剧,6
家居,6
家属,6
加以,6
家园,6
加重,6
假设,6
嫁,6
尖,6
肩膀,6
监测,6
坚定,6
监督,6
坚固,6
坚决,6
艰难,6
艰辛,6
坚硬,6
兼职,6
检测,6
简化,6
简介,6
减弱,6
减压,6
检验,6
剑,6
箭,6
鉴定,6
间隔,6
间接,6
健全,6
建筑物,6
将军,6
讲解,6
奖牌,6
奖品,6
酱,6
酱油,6
胶带,6
焦点,6
交际,6
焦虑,6
胶水,6
交谈,6
郊外,6
角落,6
脚印,6
较为,6
教训,6
结,6
结果,6
接连,6
结实,6
街头,6
杰出,6
节能,6
结尾,6
截至,6
截止,6
节奏,6
解,6
解答,6
解读,6
解放,6
解说,6
借鉴,6
戒指,6
借助,6
金额,6
金牌,6
金钱,6
金融,6
金属,6
金子,6
尽,6
进而,6
进度,6
进化,6
近来,6
近视,6
进展,6
精美,6
精确,6
惊人,6
经商,6
精通,6
精心,6
惊讶,6
精致,6
精准,6
井,6
警告,6
景观,6
景象,6
颈椎,6
净,6
竞赛,6
镜头,6
纠纷,6
纠正,6
酒精,6
酒水,6
就读,6
舅舅,6
救命,6
就算,6
救援,6
救灾,6
救助,6
局1,6
局2,6
菊花,6
局面,6
局限,6
举动,6
剧本,6
聚集,6
俱乐部,6
剧烈,6
捐款,6
捐赠,6
卷,6
卷,6
决策,6
绝望,6
军队,6
军人,6
均匀,6
卡片,6
开创,6
开关,6
开启,6
开设,6
开头,6
砍,6
看不起,6
看待,6
看得起,6
看好,6
看似,6
看中,6
看重,6
康复,6
考察,6
考古,6
考核,6
考验,6
科,6
科幻,6
科目,6
科普,6
可又,6
可怜,6
渴望,6
可行,6
客车,6
课题,6
肯,6
恐惧,6
空地,6
空闲,6
又感,6
又号,6
又腔,6
又头,6
扣,6
枯燥,6
酷,6
夸,6
夸奖,6
夸张,6
会计,6
快捷,6
款,6
款式,6
亏损,6
困扰,6
扩展,6
落,6
辣椒,6
啦,6
来临,6
来往,6
赖,6
拦,6
栏,6
兰花,6
烂,6
狼,6
朗读,6
牢,6
劳动力,6
老实,6
老鼠,6
老太太,6
乐于,6
雷,6
类别,6
理,6
理财,6
理科,6
理念,6
理性,6
立,6
粒,6
立场,6
力度,6
历经,6
历年,6
例外,6
利息,6
联合国,6
联网,6
联想,6
链接,6
两岸,6
两极,6
晾,6
料1,6
料2,6
淋,6
凌晨,6
流程,6
流动,6
浏览器,6
流量,6
流入,6
流通,6
楼道,6
露,6
漏洞,6
露1,6
路程,6
路况,6
路面,6
录像,6
录用,6
录制,6
旅程,6
旅途,6
履行,6
率,6
绿化,6
轮,6
轮船,6
轮流,6
轮椅,6
轮子,6
论坛,6
落地,6
落后,6
马虎,6
码头,6
蚂蚁,6
嘛,6
埋,6
迈,6
麦克风,6
漫长,6
漫画,6
盲人,6
冒,6
冒险,6
贸易,6
煤,6
梅花,6
眉毛,6
美观,6
弥补,6
迷人,6
密,6
密度,6
蜜蜂,6
密集,6
棉,6
免,6
勉强,6
免税,6
免疫,6
面部,6
面粉,6
面子,6
描绘,6
描写,6
妙,6
灭,6
民歌,6
民间,6
民俗,6
民宿,6
民众,6
民主,6
名额,6
明亮,6
明明,6
名气,6
名胜,6
命令,6
命名,6
模仿,6
模拟,6
模特儿,6
摩托车,6
模型,6
默默,6
模样,6
母,6
母语,6
木材,6
目录,6
奶粉,6
难点,6
南极洲,6
南美洲,6
难免,6
脑袋,6
脑子,6
内涵,6
内科,6
内外,6
内衣,6
能量,6
能源,6
泥,6
年度,6
年终,6
念书,6
扭,6
农产品,6
浓厚,6
农田,6
暖,6
暖气,6
偶像,6
排除,6
排放,6
排练,6
排名,6
盘,6
盼望,6
庞大,6
抛,6
泡,6
赔偿,6
陪同,6
培育,6
配备,6
佩服,6
配套,6
喷,6
捧,6
碰撞,6
披,6
皮,6
疲劳,6
片刻,6
片面,6
骗子,6
飘,6
漂,6
频道,6
频繁,6
贫困,6
频率,6
品尝,6
平等,6
平凡,6
平方,6
平方米,6
评估,6
评论,6
评选,6
坡,6
泼,6
破产,6
迫切,6
扑,6
铺,6
扑灭,6
朴素,6
欺骗,6
期望,6
期限,6
其间,6
齐全,6
棋子,6
起初,6
起点,6
启动,6
启发,6
启示,6
启事,6
起源,6
气氛,6
气体,6
气味,6
气质,6
恰当,6
恰好,6
恰恰,6
牵,6
千家万户,6
谦虚,6
前景,6
潜力,6
前期,6
前提,6
前者,6
枪,6
墙壁,6
强化,6
强壮,6
强迫,6
瞧,6
桥梁,6
巧妙,6
切实,6
亲密,6
亲属,6
勤劳,6
清,6
清晨,6
青春,6
青春期,6
清淡,6
清洁,6
清理,6
清扫,6
倾听,6
清洗,6
清晰,6
倾向,6
清醒,6
情节,6
晴朗,6
情形,6
求,6
求婚,6
求救,6
求职,6
求助,6
区分,6
渠道,6
曲,6
娶,6
取代,6
趣味,6
圈,6
全程,6
权力,6
券,6
缺陷,6
确立,6
群众,6
燃料,6
染,6
热点,6
热度,6
热门,6
热水器,6
热线,6
热议,6
人工智能,6
人家,6
人均,6
人山人海,6
人士,6
人事,6
人为,6
人行道,6
忍受,6
认错,6
认定,6
认可,6
认同,6
认知,6
仍旧,6
日后,6
日前,6
日夜,6
日益,6
融合,6
融化,6
容量,6
融入,6
荣誉,6
柔软,6
入境,6
入门,6
入选,6
弱点,6
撒,6
塞,6
赛事,6
散,6
散文,6
散,6
散发,6
嗓子,6
丧失,6
扫描,6
杀,6
刹车,6
鲨鱼,6
筛选,6
山顶,6
山峰,6
山坡,6
闪,6
闪电,6
扇,6
商标,6
伤又,6
伤亡,6
伤员,6
上当,6
上级,6
上进,6
上市,6
上述,6
上台,6
上旬,6
少儿,6
舌头,6
社,6
射,6
涉及,6
射击,6
摄像,6
设想,6
摄像头,6
身心,6
深夜,6
神,6
神经,6
神奇,6
审美,6
升,6
生成,6
声调,6
生命力,6
生态,6
升学,6
剩余,6
诗词,6
湿度,6
师父,6
诗歌,6
狮子,6
识,6
拾,6
识别,6
时光,6
实话,6
实惠,6
时机,6
时尚,6
实时,6
时速,6
石油,6
食欲,6
实质,6
十足,6
使劲,6
士兵,6
适度,6
示范,6
释放,6
事后,6
视觉,6
势力,6
视力,6
试图,6
事务,6
事项,6
适宜,6
收藏,6
收购,6
收取,6
收益,6
手臂,6
手法,6
手势,6
首要,6
寿命,6
受灾,6
输出,6
书画,6
书籍,6
书面,6
输送,6
书写,6
属,6
薯片,6
竖,6
树立,6
数目,6
数字化,6
衰老,6
率领,6
率先,6
水稻,6
水库,6
水流,6
水面,6
水泥,6
瞬间,6
思路,6
思念,6
死亡,6
松,6
艘,6
搜集,6
塑造,6
素质,6
算了,6
算是,6
虽,6
岁数,6
岁月,6
损坏,6
损伤,6
所,6
踏实,6
塔,6
台风,6
台球,6
太空,6
太阳能,6
谈论,6
谈判,6
弹性,6
探索,6
探讨,6
汤圆,6
糖果,6
烫,6
掏,6
逃,6
逃跑,6
淘气,6
淘汰,6
套餐,6
特,6
特长,6
特地,6
特定,6
特性,6
特意,6
题材,6
提取,6
提示,6
体操,6
体积,6
体系,6
添,6
天才,6
添加,6
天然,6
天然气,6
天文,6
天下,6
天真,6
田,6
田径,6
调节,6
跳水,6
贴近,6
听话,6
听觉,6
听取,6
通道,6
通风,6
通话,6
通信,6
通讯,6
通用,6
铜,6
同伴,6
同行,6
童话,6
同类,6
铜牌,6
痛快,6
偷,6
偷偷,6
头脑,6
投票,6
投诉,6
投资,6
透,6
透过,6
透露,6
透明,6
突发,6
突破,6
图案,6
图表,6
徒弟,6
途径,6
图像,6
吐,6
土壤,6
吐,6
团结,6
团体,6
团圆,6
推测,6
推销,6
推行,6
退税,6
吞,6
拖,6
拖延,6
托运,6
挖,6
哇,6
娃娃,6
歪,6
外表,6
外交,6
外界,6
外科,6
外来,6
外甥,6
弯曲,6
顽强,6
万物,6
王子,6
网,6
往后,6
往来,6
往年,6
望,6
危机,6
微小,6
违规,6
维护,6
为难,6
围棋,6
为期,6
维生素,6
为止,6
委屈,6
委托,6
未,6
未必,6
未成年人,6
为此,6
为何,6
味觉,6
胃又,6
温和,6
温柔,6
文档,6
文具,6
文科,6
文明,6
闻名,6
文物,6
文献,6
文艺,6
乌龟,6
污水,6
无所谓,6
无疑,6
武器,6
误,6
误解,6
物体,6
吸取,6
媳妇,6
习俗,6
喜剧,6
喜事,6
洗漱,6
细胞,6
细菌,6
系列,6
戏曲,6
细致,6
吓,6
下功夫,6
下单,6
夏令营,6
下线,6
下旬,6
鲜明,6
先前,6
鲜艳,6
嫌,6
显,6
险,6
显著,6
限,6
线,6
现存,6
限度,6
现货,6
陷入,6
线索,6
限于,6
相差,6
香肠,6
相传,6
相等,6
相连,6
香水,6
相应,6
项链,6
象棋,6
相声,6
向往,6
消除,6
消毒,6
消防,6
消耗,6
消灭,6
小麦,6
小气,6
小偷儿,6
笑容,6
效应,6
歇,6
携带,6
协会,6
协调,6
协助,6
心爱,6
心底,6
新款,6
心灵,6
新媒体,6
心目,6
新能源,6
薪水,6
心疼,6
新兴,6
新颖,6
心愿,6
心脏,6
信赖,6
信念,6
兴起,6
型号,6
形态,6
性价比,6
性能,6
胸,6
修订,6
修复,6
袖子,6
许可,6
叙述,6
旋转,6
选拔,6
选修,6
学会,6
学位,6
学问,6
学员,6
血管,6
血型,6
血压,6
血液,6
循环,6
寻求,6
压缩,6
亚军,6
淹,6
淹没,6
严,6
沿海,6
严寒,6
严禁,6
严厉,6
延期,6
炎热,6
延伸,6
研讨,6
延续,6
言语,6
炎症,6
眼光,6
眼看,6
演奏,6
宴会,6
验证,6
仰,6
痒,6
养老,6
养老院,6
氧气,6
样,6
遥远,6
要点,6
要么,6
要素,6
野,6
也好,6
野生,6
野外,6
业,6
液体,6
依旧,6
依赖,6
一流,6
衣食住行,6
医药,6
一一,6
姨,6
一辈子,6
遗产,6
遗传,6
一带,6
一道,6
一贯,6
疑惑,6
一律,6
移民,6
仪器,6
仪式,6
一向,6
一系列,6
一再,6
一阵,6
遗址,6
以便,6
以免,6
以往,6
异常,6
益处,6
一帆风顺,6
一又气,6
议论,6
一模一样,6
艺人,6
一身,6
一时,6
一同,6
易于,6
抑制,6
因,6
音节,6
银,6
银牌,6
引,6
隐藏,6
引导,6
引发,6
引入,6
隐私,6
饮用水,6
印,6
婴儿,6
英雄,6
影子,6
拥挤,6
涌现,6
勇于,6
用餐,6
用处,6
用功,6
用人,6
用心,6
优化,6
优先,6
优异,6
由来,6
游人,6
犹如,6
有机,6
有劲,6
有序,6
于,6
余额,6
与其,6
羽绒服,6
预定,6
预料,6
预期,6
浴室,6
欲望,6
原本,6
原材料,6
原理,6
原料,6
园林,6
圆满,6
原始,6
元素,6
原先,6
元宵,6
源于,6
远程,6
远方,6
约束,6
月光,6
乐器,6
月球,6
乐曲,6
晕,6
晕车,6
运送,6
运行,6
运营,6
杂,6
灾,6
灾害,6
灾难,6
灾区,6
再三,6
再生,6
在意,6
赞赏,6
赞同,6
遭到,6
遭受,6
遭遇,6
噪声,6
造型,6
则1,6
扎,6
炸,6
粘,6
粘贴,6
崭新,6
占比,6
战斗,6
占据,6
战胜,6
占有,6
战争,6
章,6
长辈,6
障碍,6
账单,6
招,6
招待,6
招生,6
招手,6
招收,6
照明,6
折,6
针,6
真相,6
珍珠,6
枕头,6
镇,6
阵雨,6
睁,6
争吵,6
争夺,6
争论,6
征求,6
争议,6
政策,6
正规,6
正面,6
证实,6
正义,6
症状,6
支2,6
枝,6
支撑,6
支出,6
脂肪,6
之所以,6
值班,6
职位,6
职务,6
职员,6
职责,6
侄子,6
只得,6
指定,6
只顾,6
指挥,6
指示,6
指责,6
制,6
至关重要,6
智力,6
治理,6
制品,6
秩序,6
质疑,6
至于,6
中等,6
终点,6
中断,6
终身,6
钟头,6
中旬,6
中央,6
肿,6
中,6
种地,6
中毒,6
中奖,6
众人,6
中暑,6
众所周知,6
重心,6
州,6
粥,6
周边,6
周到,6
周期,6
株,6
珠宝,6
诸多,6
主办,6
主播,6
主导,6
主管,6
主角,6
主流,6
主演,6
主张,6
祝福,6
助理,6
助手,6
祝愿,6
住宅,6
著作,6
砖,6
专科,6
专利,6
专题,6
专用,6
专注,6
转换,6
转交,6
转让,6
转身,6
转移,6
转,6
转动,6
装备,6
庄稼,6
追究,6
捉,6
资本,6
资产,6
自豪,6
自来水,6
自律,6
字幕,6
自杀,6
自我,6
自言自语,6
自愿,6
自助,6
棕色,6
总裁,6
总计,6
总理,6
总算,6
粽子,6
走廊,6
足,6
足以,6
阻碍,6
阻挡,6
祖国,6
祖先,6
钻,6
罪,6
挨,7-9
挨家挨户,7-9
哀求,7-9
挨,7-9
癌,7-9
癌症,7-9
爱不释手,7-9
爱戴,7-9
暧昧,7-9
爱慕,7-9
碍事,7-9
爱惜,7-9
艾滋病,7-9
安定,7-9
安抚,7-9
安眠药,7-9
安宁,7-9
安稳,7-9
安详,7-9
安心,7-9
安逸,7-9
安置,7-9
暗地里,7-9
案件,7-9
按理,7-9
按钮,7-9
按说,7-9
暗中,7-9
凹,7-9
熬,7-9
傲,7-9
傲慢,7-9
奥秘,7-9
扒,7-9
疤,7-9
巴不得,7-9
八成,7-9
八卦,7-9
巴结,7-9
芭蕾,7-9
巴掌,7-9
拔,7-9
把柄,7-9
把关,7-9
把手,7-9
靶子,7-9
坝,7-9
霸道,7-9
罢工,7-9
罢了,7-9
罢免,7-9
罢休,7-9
霸占,7-9
掰,7-9
百般,7-9
摆动,7-9
百分比,7-9
百合,7-9
百科全书,7-9
摆平,7-9
摆设,7-9
柏树,7-9
败坏,7-9
拜会,7-9
拜见,7-9
拜托,7-9
扳,7-9
颁布,7-9
斑点,7-9
颁发,7-9
颁奖,7-9
斑马线,7-9
搬迁,7-9
板块,7-9
版权,7-9
扮,7-9
伴,7-9
拌,7-9
绊,7-9
半边天,7-9
半岛,7-9
半导体,7-9
绊脚石,7-9
半径,7-9
伴侣,7-9
办事处,7-9
半数,7-9
半途而废,7-9
半信半疑,7-9
办学,7-9
伴奏,7-9
帮手,7-9
绑,7-9
绑架,7-9
磅,7-9
煲,7-9
剥,7-9
包庇,7-9
褒贬,7-9
包袱,7-9
包罗万象,7-9
包容,7-9
包围,7-9
包扎,7-9
饱和,7-9
饱经沧桑,7-9
宝库,7-9
堡垒,7-9
饱满,7-9
保密,7-9
保姆,7-9
宝石,7-9
保守,7-9
保卫,7-9
保鲜,7-9
保养,7-9
保佑,7-9
宝藏,7-9
保重,7-9
报,7-9
豹,7-9
报案,7-9
报酬,7-9
报仇,7-9
报答,7-9
报废,7-9
暴风骤雨,7-9
报复,7-9
抱负,7-9
曝光,7-9
暴利,7-9
爆满,7-9
报销,7-9
暴躁,7-9
爆竹,7-9
碑,7-9
悲哀,7-9
卑鄙,7-9
悲惨,7-9
背负,7-9
悲欢离合,7-9
悲痛,7-9
卑微,7-9
备,7-9
备份,7-9
被告,7-9
贝壳,7-9
备课,7-9
背面,7-9
背叛,7-9
背诵,7-9
备忘录,7-9
背影,7-9
备战,7-9
奔波,7-9
奔驰,7-9
奔赴,7-9
本分,7-9
本钱,7-9
本色,7-9
本事,7-9
本性,7-9
本意,7-9
本着,7-9
奔,7-9
笨蛋,7-9
笨重,7-9
笨拙,7-9
绷,7-9
绷带,7-9
崩溃,7-9
蹦,7-9
迸发,7-9
逼近,7-9
逼迫,7-9
逼真,7-9
鼻涕,7-9
比比皆是,7-9
笔墨,7-9
比试,7-9
鄙视,7-9
弊病,7-9
必不可少,7-9
必定,7-9
弊端,7-9
壁画,7-9
必将,7-9
壁垒,7-9
碧绿,7-9
避难,7-9
避让,7-9
毕生,7-9
避暑,7-9
鞭策,7-9
编程,7-9
编号,7-9
边疆,7-9
边界,7-9
边境,7-9
编剧,7-9
编排,7-9
鞭炮,7-9
边缘,7-9
边远,7-9
编造,7-9
编制,7-9
编织,7-9
扁,7-9
贬低,7-9
贬值,7-9
辩,7-9
辨别,7-9
遍布,7-9
便饭,7-9
变革,7-9
变更,7-9
变故,7-9
辩护,7-9
变换,7-9
变幻莫测,7-9
辩解,7-9
辩论,7-9
变迁,7-9
辨认,7-9
变通,7-9
便携式,7-9
变形,7-9
变异,7-9
辩证,7-9
辫子,7-9
标,7-9
标榜,7-9
标本,7-9
标点,7-9
标记,7-9
标签,7-9
飙升,7-9
标识,7-9
标示,7-9
标语,7-9
标致,7-9
表白,7-9
表决,7-9
表述,7-9
表率,7-9
表态,7-9
表彰,7-9
憋,7-9
别具匠心,7-9
别看,7-9
别墅,7-9
别说,7-9
别致,7-9
别扭,7-9
彬彬有礼,7-9
缤纷,7-9
濒临,7-9
濒危,7-9
冰雹,7-9
冰棍儿,7-9
冰山一角,7-9
冰天雪地,7-9
丙,7-9
秉承,7-9
秉持,7-9
并发症,7-9
并非,7-9
并购,7-9
并肩,7-9
病历,7-9
并列,7-9
并行,7-9
病症,7-9
拨,7-9
波动,7-9
剥夺,7-9
波及,7-9
拨款,7-9
波澜,7-9
波浪,7-9
波涛,7-9
剥削,7-9
波折,7-9
伯伯,7-9
博大精深,7-9
搏斗,7-9
伯父,7-9
驳回,7-9
伯母,7-9
博学,7-9
博弈,7-9
不算,7-9
不当,7-9
不定,7-9
不动产,7-9
不见得,7-9
不愧,7-9
不力,7-9
不妙,7-9
不慎,7-9
不下,7-9
不像话,7-9
不肖,7-9
不屑,7-9
不懈,7-9
不厌其烦,7-9
不亚于,7-9
不翼而飞,7-9
不亦乐乎,7-9
不正之风,7-9
捕获,7-9
补给,7-9
补救,7-9
哺乳,7-9
捕食,7-9
哺育,7-9
补助,7-9
捕捉,7-9
不经意,7-9
不予,7-9
不准,7-9
不耻下问,7-9
不辞而别,7-9
不得而知,7-9
不得已,7-9
不乏,7-9
步伐,7-9
不法,7-9
不妨,7-9
不服,7-9
不敢当,7-9
不及,7-9
部件,7-9
不假思索,7-9
不解,7-9
不景气,7-9
布局,7-9
不堪,7-9
不可或缺,7-9
不可思议,7-9
不了了之,7-9
不免,7-9
不平,7-9
不容,7-9
步入,7-9
部首,7-9
部署,7-9
不惜,7-9
不相上下,7-9
不言而喻,7-9
不以为然,7-9
不由得,7-9
不由自主,7-9
不约而同,7-9
不折不扣,7-9
不知不觉,7-9
不知所措,7-9
猜想,7-9
裁,7-9
裁定,7-9
裁缝,7-9
才干,7-9
财经,7-9
裁决,7-9
财力,7-9
裁员,7-9
财政,7-9
采,7-9
采矿,7-9
采摘,7-9
菜肴,7-9
参见,7-9
参谋,7-9
参照,7-9
残,7-9
残酷,7-9
惭愧,7-9
残留,7-9
残缺,7-9
残忍,7-9
惨,7-9
惨白,7-9
惨痛,7-9
惨重,7-9
灿烂,7-9
舱,7-9
苍白,7-9
仓促,7-9
沧桑,7-9
苍蝇,7-9
藏匿,7-9
藏品,7-9
藏身,7-9
操控,7-9
操劳,7-9
操练,7-9
操心,7-9
操纵,7-9
嘈杂,7-9
草案,7-9
草丛,7-9
草坪,7-9
草率,7-9
草药,7-9
测定,7-9
侧面,7-9
测算,7-9
测验,7-9
侧重,7-9
层出不穷,7-9
蹭,7-9
差错,7-9
差额,7-9
插曲,7-9
插手,7-9
插图,7-9
插嘴,7-9
查处,7-9
查获,7-9
察觉,7-9
察看,7-9
查明,7-9
岔,7-9
刹那,7-9
诧异,7-9
拆迁,7-9
柴油,7-9
掺,7-9
搀,7-9
馋,7-9
缠,7-9
缠绕,7-9
铲,7-9
产权,7-9
阐释,7-9
阐述,7-9
产物,7-9
产业链,7-9
产值,7-9
颤抖,7-9
猖狂,7-9
昌盛,7-9
偿还,7-9
常理,7-9
长期以来,7-9
常人,7-9
常态,7-9
长效,7-9
长征,7-9
长足,7-9
敞开,7-9
倡导,7-9
唱片,7-9
畅谈,7-9
倡议,7-9
超标,7-9
钞票,7-9
超前,7-9
抄袭,7-9
潮,7-9
嘲弄,7-9
潮水,7-9
巢穴,7-9
炒作,7-9
车间,7-9
扯,7-9
撤,7-9
撤离,7-9
撤退,7-9
彻夜,7-9
沉淀,7-9
沉甸甸,7-9
沉浸,7-9
陈旧,7-9
陈列,7-9
沉闷,7-9
沉迷,7-9
陈述,7-9
沉睡,7-9
沉思,7-9
沉稳,7-9
沉着,7-9
趁机,7-9
衬托,7-9
称心如意,7-9
趁早,7-9
呈,7-9
承包,7-9
成才,7-9
成家,7-9
成家立业,7-9
承接,7-9
诚恳,7-9
成年2,7-9
成品,7-9
城墙,7-9
澄清,7-9
成全,7-9
成群结队,7-9
成天,7-9
成心,7-9
成型,7-9
诚意,7-9
承载,7-9
诚挚,7-9
逞强,7-9
秤,7-9
痴呆,7-9
吃喝玩乐,7-9
吃苦,7-9
吃亏,7-9
吃力,7-9
痴迷,7-9
痴心,7-9
持,7-9
迟迟,7-9
迟钝,7-9
迟缓,7-9
驰名,7-9
持平,7-9
池塘,7-9
迟疑,7-9
迟早,7-9
持之以恒,7-9
尺度,7-9
耻辱,7-9
耻笑,7-9
赤道,7-9
赤字,7-9
充,7-9
充斥,7-9
冲刺,7-9
充当,7-9
憧憬,7-9
冲浪,7-9
充沛,7-9
冲洗,7-9
充裕,7-9
冲撞,7-9
重重,7-9
重叠,7-9
重返,7-9
崇高,7-9
重合,7-9
崇敬,7-9
崇尚,7-9
重申,7-9
重现,7-9
重组,7-9
宠,7-9
宠爱,7-9
抽查,7-9
抽签,7-9
抽屉,7-9
抽样,7-9
仇,7-9
稠,7-9
筹,7-9
筹办,7-9
筹措,7-9
仇恨,7-9
筹划,7-9
筹集,7-9
筹码,7-9
愁眉苦脸,7-9
稠密,7-9
仇人,7-9
瞅,7-9
丑恶,7-9
丑陋,7-9
丑闻,7-9
出厂,7-9
出丑,7-9
出动,7-9
出发点,7-9
出访,7-9
出局,7-9
出具,7-9
出又成章,7-9
出路,7-9
出卖,7-9
出面,7-9
出任,7-9
出人意料,7-9
出神,7-9
出身,7-9
出手,7-9
出台,7-9
出头,7-9
出土,7-9
出息,7-9
出征,7-9
出众,7-9
初衷,7-9
出资,7-9
出走,7-9
锄,7-9
橱窗,7-9
除去,7-9
除外,7-9
储备,7-9
处方,7-9
处分,7-9
处境,7-9
储量,7-9
处事,7-9
处置,7-9
触动,7-9
触犯,7-9
触觉,7-9
矗立,7-9
触摸,7-9
触目惊心,7-9
揣,7-9
揣测,7-9
揣摩,7-9
踹,7-9
川流不息,7-9
穿梭,7-9
穿越,7-9
穿着,7-9
船舶,7-9
传单,7-9
传媒,7-9
传奇,7-9
传人,7-9
传闻,7-9
传言,7-9
喘,7-9
喘息,7-9
串门,7-9
窗帘,7-9
创伤,7-9
床位,7-9
创,7-9
创始人,7-9
吹牛,7-9
吹捧,7-9
炊烟,7-9
垂,7-9
捶,7-9
锤,7-9
垂头丧气,7-9
纯粹,7-9
醇厚,7-9
纯洁,7-9
纯朴,7-9
淳朴,7-9
蠢,7-9
戳,7-9
绰号,7-9
辞,7-9
辞呈,7-9
磁带,7-9
辞典,7-9
慈善,7-9
磁铁,7-9
辞退,7-9
慈祥,7-9
雌性,7-9
此起彼伏,7-9
此致,7-9
赐,7-9
刺耳,7-9
刺骨,7-9
伺候,7-9
赐教,7-9
次品,7-9
次日,7-9
刺绣,7-9
次序,7-9
刺眼,7-9
次要,7-9
葱,7-9
丛,7-9
丛林,7-9
从容,7-9
从容不迫,7-9
从头,7-9
凑,7-9
凑合,7-9
凑巧,7-9
粗暴,7-9
粗糙,7-9
粗鲁,7-9
粗略,7-9
粗心大意,7-9
促成,7-9
簇拥,7-9
窜,7-9
摧残,7-9
催促,7-9
摧毁,7-9
催眠,7-9
璀璨,7-9
翠绿,7-9
存活,7-9
存货,7-9
存心,7-9
存折,7-9
搓,7-9
磋商,7-9
挫败,7-9
错别字,7-9
错觉,7-9
措手不及,7-9
错位,7-9
错综复杂,7-9
搭乘,7-9
搭档,7-9
搭建,7-9
答辩,7-9
达标,7-9
打2,7-9
打喷嚏,7-9
打下手,7-9
打岔,7-9
打倒,7-9
打赌,7-9
打盹儿,7-9
打发,7-9
打搅,7-9
打捞,7-9
打量,7-9
打猎,7-9
打磨,7-9
打消,7-9
大不了,7-9
大大咧咧,7-9
大纲,7-9
大公无私,7-9
大街小巷,7-9
大惊小怪,7-9
大局,7-9
大陆,7-9
大名鼎鼎,7-9
大片,7-9
大气,7-9
大数据,7-9
大肆,7-9
大体,7-9
大同小异,7-9
大为,7-9
大雁,7-9
大意,7-9
大意,7-9
大有可为,7-9
大宗,7-9
逮,7-9
歹徒,7-9
逮捕,7-9
带队,7-9
怠工,7-9
代号,7-9
代理人,7-9
带路,7-9
怠慢,7-9
带头,7-9
代言,7-9
担,7-9
担保,7-9
单边,7-9
单薄,7-9
担当,7-9
单方面,7-9
担负,7-9
耽搁,7-9
单价,7-9
单身,7-9
胆量,7-9
胆怯,7-9
胆小鬼,7-9
担,7-9
诞辰,7-9
淡化,7-9
淡季,7-9
淡水,7-9
但愿,7-9
担子,7-9
当即,7-9
当机立断,7-9
当日,7-9
当事人,7-9
当务之急,7-9
当心,7-9
当之无愧,7-9
当众,7-9
党,7-9
档次,7-9
当晚,7-9
荡漾,7-9
当真,7-9
导弹,7-9
导航,7-9
导火索,7-9
捣乱,7-9
倒霉,7-9
倒塌,7-9
导向,7-9
岛屿,7-9
盗,7-9
盗版,7-9
道别,7-9
稻草,7-9
倒计时,7-9
道具,7-9
悼念,7-9
盗窃,7-9
倒数,7-9
到头来,7-9
倒退,7-9
到位,7-9
得不偿失,7-9
德才兼备,7-9
得当,7-9
得力,7-9
得失,7-9
得手,7-9
得体,7-9
得天独厚,7-9
得心应手,7-9
得益,7-9
得意扬扬,7-9
得罪,7-9
蹬,7-9
登场,7-9
登顶,7-9
登陆,7-9
灯泡,7-9
瞪,7-9
凳子,7-9
堤,7-9
堤坝,7-9
低调,7-9
提防,7-9
低谷,7-9
低估,7-9
低落,7-9
低迷,7-9
低下,7-9
嘀咕,7-9
敌视,7-9
笛子,7-9
抵,7-9
底层,7-9
抵触,7-9
抵挡,7-9
底线,7-9
抵消,7-9
抵押,7-9
抵御,7-9
底蕴,7-9
抵制,7-9
底子,7-9
地板,7-9
地步,7-9
地带,7-9
地道,7-9
地段,7-9
帝国,7-9
递交,7-9
地势,7-9
地毯,7-9
地下水,7-9
第一手,7-9
地狱,7-9
递增,7-9
弟子,7-9
颠簸,7-9
颠倒,7-9
颠倒黑白,7-9
巅峰,7-9
颠覆,7-9
典范,7-9
点火,7-9
点评,7-9
点缀,7-9
点子,7-9
垫,7-9
垫底,7-9
奠定,7-9
淀粉,7-9
惦记,7-9
电台,7-9
殿堂,7-9
电网,7-9
电线,7-9
电信,7-9
电讯,7-9
垫子,7-9
叼,7-9
雕,7-9
雕刻,7-9
刁难,7-9
雕塑,7-9
雕像,7-9
凋谢,7-9
调2,7-9
调度,7-9
掉队,7-9
掉头,7-9
吊销,7-9
爹,7-9
跌幅,7-9
叠,7-9
碟,7-9
迭起,7-9
丁,7-9
盯,7-9
叮嘱,7-9
钉子,7-9
顶多,7-9
顶级,7-9
顶尖,7-9
钉,7-9
订购,7-9
定金,7-9
定居,7-9
订立,7-9
定律,7-9
定论,7-9
定向,7-9
定心丸,7-9
订阅,7-9
定做,7-9
丢脸,7-9
丢弃,7-9
丢人,7-9
丢三落四,7-9
东奔西走,7-9
东道主,7-9
东张西望,7-9
董事,7-9
懂事,7-9
董事会,7-9
董事长,7-9
动不动,7-9
动荡,7-9
动感,7-9
动工,7-9
冻结,7-9
动静,7-9
栋梁,7-9
动脉,7-9
动身,7-9
动弹,7-9
动向,7-9
洞穴,7-9
动摇,7-9
动用,7-9
动员,7-9
兜,7-9
兜售,7-9
抖,7-9
陡,7-9
陡峭,7-9
斗,7-9
逗留,7-9
斗志,7-9
豆子,7-9
督促,7-9
都会,7-9
独,7-9
独家,7-9
毒品,7-9
独身,7-9
读物,7-9
独一无二,7-9
赌,7-9
赌博,7-9
堵塞,7-9
杜绝,7-9
端正,7-9
短暂,7-9
断定,7-9
断断续续,7-9
断绝,7-9
断裂,7-9
段落,7-9
断然,7-9
断章取义,7-9
堆积,7-9
堆砌,7-9
兑,7-9
对岸,7-9
对白,7-9
对策,7-9
对得起,7-9
对付,7-9
兑换,7-9
对联,7-9
对流,7-9
对牛弹琴,7-9
兑现,7-9
队形,7-9
对弈,7-9
对照,7-9
对症下药,7-9
对峙,7-9
敦促,7-9
敦厚,7-9
炖,7-9
多年来,7-9
多半,7-9
多边,7-9
哆嗦,7-9
多心,7-9
夺冠,7-9
夺魁,7-9
堕落,7-9
鹅,7-9
额度,7-9
额外,7-9
讹诈,7-9
恶,7-9
噩耗,7-9
恶化,7-9
恶性,7-9
恶意,7-9
鳄鱼,7-9
厄运,7-9
遏制,7-9
恶作剧,7-9
恩爱,7-9
恩情,7-9
恩人,7-9
恩怨,7-9
而已,7-9
耳光,7-9
耳目一新,7-9
耳熟能详,7-9
发财,7-9
发呆,7-9
发抖,7-9
发火,7-9
发酵,7-9
发觉,7-9
发掘,7-9
发愣,7-9
发怒,7-9
发热,7-9
发射,7-9
发誓,7-9
发泄,7-9
发芽,7-9
发扬,7-9
发扬光大,7-9
发言人,7-9
发源,7-9
发源地,7-9
发作,7-9
乏力,7-9
阀门,7-9
法人,7-9
法庭,7-9
法则,7-9
法制,7-9
法治,7-9
发型,7-9
帆,7-9
帆船,7-9
翻番,7-9
翻来覆去,7-9
翻身,7-9
翻天覆地,7-9
翻新,7-9
繁多,7-9
繁华,7-9
烦闷,7-9
繁体字,7-9
繁衍,7-9
繁杂,7-9
烦躁,7-9
繁重,7-9
反驳,7-9
反差,7-9
反常,7-9
反倒,7-9
反感,7-9
返还,7-9
反击,7-9
反抗,7-9
反面,7-9
反射,7-9
反弹,7-9
反问,7-9
反响,7-9
反省,7-9
反之,7-9
犯愁,7-9
范畴,7-9
犯规,7-9
泛滥,7-9
贩卖,7-9
饭碗,7-9
犯罪,7-9
方向盘,7-9
方圆,7-9
方针,7-9
防盗,7-9
房地产,7-9
防范,7-9
防护,7-9
防火墙,7-9
防守,7-9
防卫,7-9
防汛,7-9
防疫,7-9
防御,7-9
仿,7-9
仿真,7-9
仿制,7-9
纺织,7-9
放过,7-9
放宽,7-9
放射,7-9
放水,7-9
放肆,7-9
放映,7-9
放置,7-9
放纵,7-9
非,7-9
飞船,7-9
非但,7-9
非得,7-9
飞碟,7-9
非法,7-9
非凡,7-9
飞禽走兽,7-9
绯闻,7-9
飞翔,7-9
飞跃,7-9
肥料,7-9
肥皂,7-9
诽谤,7-9
废,7-9
废除,7-9
沸沸扬扬,7-9
废话,7-9
费劲,7-9
费力,7-9
废品,7-9
废弃,7-9
废寝忘食,7-9
沸腾,7-9
废物,7-9
废墟,7-9
分辨,7-9
分成,7-9
分寸,7-9
分担,7-9
分发,7-9
芬芳,7-9
吩咐,7-9
分割,7-9
分红,7-9
分化,7-9
分解,7-9
分裂,7-9
分泌,7-9
分明,7-9
分歧,7-9
分支,7-9
坟,7-9
坟墓,7-9
焚烧,7-9
粉末,7-9
粉丝1,7-9
粉丝2,7-9
粉碎,7-9
粪,7-9
粪便,7-9
份额,7-9
奋力,7-9
分量,7-9
分外,7-9
奋勇,7-9
疯,7-9
风暴,7-9
风波,7-9
风采,7-9
风餐露宿,7-9
风吹雨打,7-9
封顶,7-9
风度,7-9
风范,7-9
风和日丽,7-9
丰厚,7-9
峰会,7-9
峰回路转,7-9
封建,7-9
风景线,7-9
风浪,7-9
锋利,7-9
风流,7-9
丰满,7-9
风貌,7-9
蜂蜜,7-9
封面,7-9
风气,7-9
风情,7-9
风趣,7-9
风沙,7-9
风尚,7-9
丰盛,7-9
风水,7-9
丰硕,7-9
封锁,7-9
风土人情,7-9
风味,7-9
风云,7-9
风雨无阻,7-9
风筝,7-9
疯子,7-9
逢,7-9
缝,7-9
缝合,7-9
讽刺,7-9
缝,7-9
凤凰,7-9
凤毛麟角,7-9
佛,7-9
否决,7-9
敷,7-9
孵化,7-9
肤浅,7-9
敷衍,7-9
扶持,7-9
浮动,7-9
俘获,7-9
浮力,7-9
俘虏,7-9
福气,7-9
服气,7-9
辐射,7-9
服饰,7-9
服务器,7-9
浮现,7-9
浮躁,7-9
腐败,7-9
腐烂,7-9
抚摸,7-9
腐蚀,7-9
俯视,7-9
俯首,7-9
腐朽,7-9
抚恤,7-9
抚养,7-9
斧子,7-9
负,7-9
附,7-9
赴,7-9
腹,7-9
副本,7-9
复查,7-9
附带,7-9
复发,7-9
富含,7-9
富豪,7-9
复合,7-9
附和,7-9
复活,7-9
附加,7-9
富强,7-9
附属,7-9
复苏,7-9
富翁,7-9
腹泻,7-9
复兴,7-9
复原,7-9
负重,7-9
富足,7-9
副作用,7-9
改版,7-9
改动,7-9
改观,7-9
改良,7-9
改日,7-9
改邪归正,7-9
改装,7-9
钙,7-9
概,7-9
概况,7-9
概论,7-9
干戈,7-9
干枯,7-9
干涉,7-9
甘心,7-9
干预,7-9
杆,7-9
感触,7-9
感恩,7-9
赶赴,7-9
感慨,7-9
感叹,7-9
感悟,7-9
感性,7-9
干部,7-9
干劲,7-9
干事,7-9
缸,7-9
纲领,7-9
钢铁,7-9
纲要,7-9
港,7-9
港湾,7-9
杠杆,7-9
高额,7-9
高昂,7-9
高傲,7-9
高潮,7-9
高调,7-9
高贵,7-9
高见,7-9
高空,7-9
高龄,7-9
高明,7-9
高血压,7-9
高雅,7-9
高压,7-9
高涨,7-9
搞鬼,7-9
搞笑,7-9
告,7-9
告辞,7-9
告诫,7-9
告示,7-9
告知,7-9
告状,7-9
搁,7-9
戈壁,7-9
疙瘩,7-9
歌剧,7-9
搁浅,7-9
歌颂,7-9
歌舞,7-9
歌谣,7-9
搁置,7-9
鸽子,7-9
格格不入,7-9
隔阂,7-9
格局,7-9
隔离,7-9
阁楼,7-9
格式,7-9
革新,7-9
格子,7-9
个案,7-9
各抒己见,7-9
个头儿,7-9
根基,7-9
跟进,7-9
根深蒂固,7-9
根源,7-9
根治,7-9
耕,7-9
耕地,7-9
更改,7-9
更衣室,7-9
耕耘,7-9
更正,7-9
哽咽,7-9
耿直,7-9
弓,7-9
功,7-9
攻,7-9
供,7-9
公办,7-9
供不应求,7-9
功臣,7-9
公道,7-9
功底,7-9
宫殿,7-9
攻读,7-9
公费,7-9
公关,7-9
攻关,7-9
工会,7-9
工匠,7-9
恭敬,7-9
攻克,7-9
工科,7-9
公款,7-9
功劳,7-9
公立,7-9
功力,7-9
功利,7-9
功率,7-9
公墓,7-9
供暖,7-9
公仆,7-9
公顷,7-9
供求,7-9
公然,7-9
公示,7-9
公式,7-9
公事,7-9
攻势,7-9
宫廷,7-9
恭维,7-9
公务,7-9
供需,7-9
供养,7-9
供应链,7-9
公用,7-9
公约,7-9
公证,7-9
工整,7-9
公职,7-9
拱,7-9
供奉,7-9
共和国,7-9
共鸣,7-9
共识,7-9
共同体,7-9
共性,7-9
勾,7-9
钩,7-9
勾结,7-9
勾勒,7-9
构建,7-9
够呛,7-9
构思,7-9
构想,7-9
孤单,7-9
孤儿,7-9
辜负,7-9
孤立,7-9
孤零零,7-9
孤陋寡闻,7-9
姑且,7-9
估算,7-9
股,7-9
鼓动,7-9
古董,7-9
股东,7-9
股份,7-9
骨干,7-9
骨骼,7-9
古怪,7-9
古籍,7-9
骨架,7-9
古今中外,7-9
股民,7-9
古朴,7-9
骨气,7-9
谷物,7-9
骨折,7-9
故,7-9
雇,7-9
固化,7-9
顾及,7-9
顾虑,7-9
顾名思义,7-9
顾全大局,7-9
固然,7-9
雇佣,7-9
固有,7-9
雇员,7-9
固执,7-9
雇主,7-9
瓜分,7-9
刮目相看,7-9
瓜子,7-9
寡妇,7-9
挂钩,7-9
挂念,7-9
挂失,7-9
乖,7-9
乖巧,7-9
拐杖,7-9
怪不得,7-9
怪物,7-9
怪异,7-9
官兵,7-9
棺材,7-9
观测,7-9
观感,7-9
关节,7-9
官吏,7-9
官僚,7-9
观摩,7-9
关切,7-9
关税,7-9
官司,7-9
关头,7-9
观望,7-9
关照,7-9
管家,7-9
管教,7-9
管辖,7-9
管用,7-9
惯,7-9
灌,7-9
贯彻,7-9
贯穿,7-9
灌溉,7-9
惯例,7-9
灌输,7-9
贯通,7-9
罐头,7-9
惯性,7-9
光彩,7-9
光顾,7-9
光滑,7-9
光环,7-9
光辉,7-9
光缆,7-9
光芒,7-9
光明磊落,7-9
光盘,7-9
光荣,7-9
光泽,7-9
广义,7-9
龟,7-9
瑰宝,7-9
规格,7-9
归根到底,7-9
归结,7-9
归来,7-9
归纳,7-9
闺女,7-9
归属,7-9
归宿,7-9
归于,7-9
规章,7-9
鬼,7-9
轨迹,7-9
诡计,7-9
贵宾,7-9
桂花,7-9
柜台,7-9
贵族,7-9
滚动,7-9
国防,7-9
国徽,7-9
国民,7-9
国土,7-9
国务院,7-9
国学,7-9
国有,7-9
裹,7-9
果断,7-9
果真,7-9
过意不去,7-9
过半,7-9
过不去,7-9
过错,7-9
过道,7-9
过关,7-9
过奖,7-9
过境,7-9
过量,7-9
过滤,7-9
过剩,7-9
过失,7-9
过头,7-9
过往,7-9
过问,7-9
过瘾,7-9
过硬,7-9
海报,7-9
海滨,7-9
海盗,7-9
海军,7-9
海量,7-9
海绵,7-9
海滩,7-9
海豚,7-9
海湾,7-9
海峡,7-9
海啸,7-9
海运,7-9
海藻,7-9
害虫,7-9
骇人听闻,7-9
酣畅,7-9
憨厚,7-9
酣睡,7-9
函,7-9
寒带,7-9
涵盖,7-9
含糊,7-9
含蓄,7-9
寒暄,7-9
汉服,7-9
汗马功劳,7-9
捍卫,7-9
夯实,7-9
航海,7-9
行家,7-9
行列,7-9
行情,7-9
航天,7-9
航天员,7-9
航行,7-9
航运,7-9
豪华,7-9
豪迈,7-9
好比,7-9
好歹,7-9
好受,7-9
好说,7-9
好似,7-9
好心,7-9
好意,7-9
好在,7-9
耗,7-9
号称,7-9
耗费,7-9
浩瀚,7-9
浩劫,7-9
好胜,7-9
耗时,7-9
呵,7-9
呵护,7-9
何,7-9
和2,7-9
核,7-9
和蔼,7-9
何必,7-9
核查,7-9
合唱,7-9
何等,7-9
核电站,7-9
核对,7-9
和好,7-9
合乎,7-9
荷花,7-9
合伙,7-9
合计,7-9
和解,7-9
何苦,7-9
何况,7-9
禾苗,7-9
和睦,7-9
核能,7-9
河畔,7-9
和平共处,7-9
和气,7-9
和尚,7-9
核实,7-9
核桃,7-9
核武器,7-9
合约,7-9
何止,7-9
合资,7-9
喝彩,7-9
贺电,7-9
鹤立鸡群,7-9
赫然,7-9
贺信,7-9
黑客,7-9
黑马,7-9
黑名单,7-9
恨不得,7-9
哼,7-9
横,7-9
横向,7-9
恒星,7-9
轰,7-9
烘,7-9
烘焙,7-9
轰动,7-9
烘干,7-9
哄堂大笑,7-9
烘托,7-9
轰炸,7-9
宏观,7-9
红火,7-9
红利,7-9
洪亮,7-9
红扑扑,7-9
红润,7-9
红薯,7-9
宏伟,7-9
弘扬,7-9
哄,7-9
喉咙,7-9
吼,7-9
后备,7-9
后备箱,7-9
厚道,7-9
后盾,7-9
后顾之忧,7-9
后勤,7-9
后世,7-9
后台,7-9
后续,7-9
候选人,7-9
后裔,7-9
后遗症,7-9
呼,7-9
呼唤,7-9
呼救,7-9
忽冷忽热,7-9
呼声,7-9
呼啸,7-9
呼应,7-9
忽悠,7-9
呼吁,7-9
糊,7-9
狐狸,7-9
胡乱,7-9
胡闹,7-9
湖泊,7-9
胡说,7-9
胡思乱想,7-9
糊涂,7-9
护,7-9
互补,7-9
护理,7-9
花瓣,7-9
花卉,7-9
花蕾,7-9
花纹,7-9
花样,7-9
划不来,7-9
划得来,7-9
滑稽,7-9
华丽,7-9
华侨,7-9
哗然,7-9
华人,7-9
划算,7-9
滑梯,7-9
华裔,7-9
画册,7-9
化肥,7-9
化解,7-9
画龙点睛,7-9
化身,7-9
画蛇添足,7-9
划时代,7-9
化险为夷,7-9
化验,7-9
话语,7-9
怀抱,7-9
怀旧,7-9
槐树,7-9
欢呼,7-9
欢聚,7-9
欢快,7-9
欢声笑语,7-9
环比,7-9
环球,7-9
环绕,7-9
缓,7-9
缓和,7-9
焕发,7-9
幻觉,7-9
唤起,7-9
换取,7-9
焕然一新,7-9
唤醒,7-9
幻影,7-9
荒,7-9
慌,7-9
荒诞,7-9
荒凉,7-9
慌乱,7-9
慌忙,7-9
荒谬,7-9
荒唐,7-9
慌张,7-9
皇宫,7-9
皇后,7-9
黄昏,7-9
皇上,7-9
皇室,7-9
晃,7-9
谎话,7-9
恍然大悟,7-9
谎言,7-9
晃,7-9
晃荡,7-9
辉煌,7-9
挥霍,7-9
挥舞,7-9
回避,7-9
回归,7-9
回合,7-9
回馈,7-9
回落,7-9
回升,7-9
回首,7-9
回味,7-9
回想,7-9
回忆录,7-9
回应,7-9
毁,7-9
悔恨,7-9
毁坏,7-9
毁灭,7-9
会场,7-9
汇合,7-9
汇集,7-9
汇聚,7-9
贿赂,7-9
会面,7-9
绘声绘色,7-9
会谈,7-9
会晤,7-9
会意,7-9
会诊,7-9
绘制,7-9
昏,7-9
荤,7-9
昏迷,7-9
婚纱,7-9
浑身,7-9
混淆,7-9
混浊,7-9
豁,7-9
豁出去,7-9
活该,7-9
活期,7-9
火爆,7-9
火候,7-9
火花,7-9
火箭,7-9
火炬,7-9
火辣辣,7-9
火热,7-9
火山,7-9
伙食,7-9
火速,7-9
火腿,7-9
火焰,7-9
豁达,7-9
或多或少,7-9
祸害,7-9
获悉,7-9
货运,7-9
积,7-9
基本功,7-9
机舱,7-9
基层,7-9
激荡,7-9
积淀,7-9
机动,7-9
肌肤,7-9
机关,7-9
激光,7-9
激化,7-9
激活,7-9
基建,7-9
基金会,7-9
机灵,7-9
机密,7-9
激起,7-9
激素,7-9
讥笑,7-9
畸形,7-9
积蓄,7-9
基于,7-9
积攒,7-9
激增,7-9
机智,7-9
基准,7-9
即,7-9
级别,7-9
急促,7-9
极度,7-9
嫉妒,7-9
急功近利,7-9
籍贯,7-9
集会,7-9
急剧,7-9
即可,7-9
吉利,7-9
极力,7-9
急迫,7-9
汲取,7-9
即日,7-9
即时,7-9
集市,7-9
棘手,7-9
集思广益,7-9
吉他,7-9
极限,7-9
吉祥物,7-9
急性,7-9
急于,7-9
急于求成,7-9
急躁,7-9
及早,7-9
急中生智,7-9
集装箱,7-9
集资,7-9
脊梁,7-9
挤压,7-9
计,7-9
忌,7-9
剂,7-9
继,7-9
祭,7-9
暨,7-9
继而,7-9
计策,7-9
祭奠,7-9
忌妒,7-9
继父,7-9
记号,7-9
忌讳,7-9
计较,7-9
寂静,7-9
忌又,7-9
剂量,7-9
继母,7-9
纪念碑,7-9
纪实,7-9
祭祀,7-9
寄托,7-9
迹象,7-9
绩效,7-9
记性,7-9
纪要,7-9
记忆犹新,7-9
家伙,7-9
家教,7-9
佳节,7-9
加紧,7-9
家境,7-9
加盟,7-9
嘉年华,7-9
家禽,7-9
家世,7-9
佳肴,7-9
家用,7-9
家喻户晓,7-9
夹杂,7-9
家政,7-9
加之,7-9
夹子,7-9
家族,7-9
假定,7-9
假冒,7-9
假使,7-9
假装,7-9
驾,7-9
架势,7-9
价位,7-9
驾驭,7-9
价值观,7-9
嫁妆,7-9
架子,7-9
兼,7-9
煎,7-9
煎熬,7-9
监察,7-9
尖端,7-9
肩负,7-9
兼顾,7-9
监管,7-9
坚果,7-9
监护,7-9
艰巨,7-9
监控,7-9
歼灭,7-9
坚韧,7-9
兼任,7-9
兼容,7-9
尖锐,7-9
坚实,7-9
监视,7-9
坚守,7-9
艰险,7-9
坚信,7-9
监狱,7-9
奸诈,7-9
拣,7-9
剪彩,7-9
检察,7-9
简称,7-9
简短,7-9
减负,7-9
剪辑,7-9
简洁,7-9
简练,7-9
简陋,7-9
减免,7-9
检讨,7-9
简体字,7-9
减退,7-9
简要,7-9
简易,7-9
贱,7-9
溅,7-9
鉴别,7-9
间谍,7-9
间断,7-9
见多识广,7-9
见解,7-9
见利忘义,7-9
健美,7-9
见仁见智,7-9
鉴赏,7-9
见识,7-9
建树,7-9
践踏,7-9
见外,7-9
见闻,7-9
间隙,7-9
见效,7-9
间歇,7-9
见义勇为,7-9
鉴于,7-9
见证,7-9
健壮,7-9
姜,7-9
僵,7-9
僵化,7-9
将就,7-9
僵局,7-9
江山,7-9
僵硬,7-9
桨,7-9
奖杯,7-9
讲理,7-9
奖赏,7-9
奖项,7-9
降临,7-9
焦,7-9
交叉,7-9
交代,7-9
交锋,7-9
交付,7-9
娇惯,7-9
交互,7-9
交集,7-9
焦急,7-9
交界,7-9
交接,7-9
交纳,7-9
胶囊,7-9
娇气,7-9
交情,7-9
交涉,7-9
礁石,7-9
交替,7-9
交头接耳,7-9
交响乐,7-9
郊游,7-9
焦躁,7-9
交织,7-9
嚼,7-9
绞,7-9
搅,7-9
缴,7-9
搅拌,7-9
狡猾,7-9
缴纳,7-9
脚踏实地,7-9
侥幸,7-9
矫正,7-9
叫板,7-9
轿车,7-9
叫好,7-9
较劲,7-9
教科书,7-9
较量,7-9
教条,7-9
教养,7-9
皆,7-9
揭,7-9
接二连三,7-9
接班,7-9
接班人,7-9
阶层,7-9
皆大欢喜,7-9
揭发,7-9
街坊,7-9
接轨,7-9
阶级,7-9
接济,7-9
接见,7-9
接力,7-9
揭露,7-9
接纳,7-9
揭示,7-9
接手,7-9
接替,7-9
阶梯,7-9
揭晓,7-9
劫,7-9
截,7-9
洁白,7-9
劫持,7-9
节俭,7-9
洁净,7-9
捷径,7-9
结晶,7-9
竭尽全力,7-9
结局,7-9
竭力,7-9
节气,7-9
截然不同,7-9
结识,7-9
结算,7-9
节衣缩食,7-9
节制,7-9
解除,7-9
解雇,7-9
解救,7-9
解渴,7-9
解剖,7-9
解散,7-9
解体,7-9
解脱,7-9
解围,7-9
解析,7-9
解约,7-9
戒,7-9
界,7-9
戒备,7-9
界定,7-9
借又,7-9
介入,7-9
届时,7-9
借条,7-9
界限,7-9
界线,7-9
介意,7-9
借用,7-9
介于,7-9
筋,7-9
禁不住,7-9
津津有味,7-9
尽,7-9
紧凑,7-9
紧迫,7-9
锦旗,7-9
紧缺,7-9
锦上添花,7-9
紧缩,7-9
尽早,7-9
劲,7-9
进程,7-9
进攻,7-9
晋级,7-9
禁忌,7-9
进军,7-9
浸泡,7-9
尽情,7-9
进取,7-9
禁区,7-9
晋升,7-9
尽头,7-9
劲头,7-9
进修,7-9
茎,7-9
经,7-9
精,7-9
鲸,7-9
精彩纷呈,7-9
精打细算,7-9
惊动,7-9
经度,7-9
精度,7-9
经费,7-9
精华,7-9
惊慌,7-9
惊慌失措,7-9
荆棘,7-9
精简,7-9
兢兢业业,7-9
经久不息,7-9
精练,7-9
经贸,7-9
精密,7-9
精妙,7-9
精明,7-9
精疲力竭,7-9
精品,7-9
惊奇,7-9
精巧,7-9
精神,7-9
精神病,7-9
经受,7-9
精髓,7-9
惊叹,7-9
惊天动地,7-9
精细,7-9
惊吓,7-9
惊险,7-9
惊心动魄,7-9
晶莹,7-9
精英,7-9
精益求精,7-9
精湛,7-9
警报,7-9
井底之蛙,7-9
警戒,7-9
警犬,7-9
警示,7-9
警惕,7-9
警钟,7-9
竟,7-9
敬,7-9
敬爱,7-9
敬而远之,7-9
境地,7-9
净化,7-9
竞技,7-9
境界,7-9
敬礼,7-9
境内,7-9
敬佩,7-9
敬请,7-9
境外,7-9
敬畏,7-9
竞相,7-9
竞选,7-9
敬业,7-9
敬意,7-9
境遇,7-9
径直,7-9
静止,7-9
敬重,7-9
窘迫,7-9
揪,7-9
纠缠,7-9
酒楼,7-9
久违,7-9
久仰,7-9
就餐,7-9
就此,7-9
就地,7-9
救济,7-9
就近,7-9
就任,7-9
救死扶伤,7-9
就绪,7-9
就医,7-9
就诊,7-9
就职,7-9
救治,7-9
就座,7-9
居安思危,7-9
居高不下,7-9
鞠躬,7-9
拘留,7-9
拘束,7-9
居于,7-9
局部,7-9
局势,7-9
举报,7-9
举措,7-9
咀嚼,7-9
举棋不定,7-9
沮丧,7-9
举世瞩目,7-9
举一反三,7-9
举止,7-9
举重,7-9
举足轻重,7-9
剧变,7-9
巨额,7-9
聚焦,7-9
聚精会神,7-9
剧目,7-9
剧情,7-9
巨人,7-9
巨头,7-9
据悉,7-9
圈,7-9
捐献,7-9
卷入,7-9
圈,7-9
绝,7-9
绝技,7-9
绝迹,7-9
倔强,7-9
崛起,7-9
诀窍,7-9
觉悟,7-9
觉醒,7-9
决议,7-9
绝缘,7-9
抉择,7-9
角逐,7-9
倔,7-9
均,7-9
军官,7-9
均衡,7-9
军舰,7-9
军事,7-9
君子,7-9
俊,7-9
竣工,7-9
骏马,7-9
俊俏,7-9
卡车,7-9
卡通,7-9
开办,7-9
开采,7-9
开场,7-9
开场白,7-9
开除,7-9
开动,7-9
开发区,7-9
开发商,7-9
开工,7-9
开垦,7-9
开阔,7-9
开朗,7-9
开明,7-9
开辟,7-9
开天辟地,7-9
开庭,7-9
开拓,7-9
开销,7-9
开张,7-9
开支,7-9
楷模,7-9
凯旋,7-9
堪称,7-9
刊登,7-9
看护,7-9
看守,7-9
勘探,7-9
刊物,7-9
砍伐,7-9
侃侃而谈,7-9
坎坷,7-9
看台,7-9
慷慨,7-9
看管,7-9
扛,7-9
抗衡,7-9
抗拒,7-9
抗生素,7-9
抗议,7-9
抗争,7-9
考查,7-9
考量,7-9
靠拢,7-9
磕,7-9
苛刻,7-9
颗粒,7-9
壳,7-9
可悲,7-9
可不是,7-9
可乘之机,7-9
可耻,7-9
可观,7-9
可贵,7-9
可谓,7-9
可恶,7-9
可想而知,7-9
可笑,7-9
可疑,7-9
刻不容缓,7-9
客房,7-9
刻画,7-9
客机,7-9
刻苦,7-9
客流,7-9
克隆,7-9
刻意,7-9
客运,7-9
克制,7-9
刻舟求剑,7-9
啃,7-9
恳切,7-9
恳求,7-9
坑,7-9
空荡荡,7-9
空洞,7-9
空间站,7-9
空军,7-9
空难,7-9
空前,7-9
空想,7-9
空虚,7-9
孔,7-9
恐怖,7-9
恐吓,7-9
恐慌,7-9
恐龙,7-9
空白,7-9
控告,7-9
空隙,7-9
抠,7-9
又岸,7-9
又碑,7-9
又才,7-9
又吃,7-9
又径,7-9
又令,7-9
又气,7-9
又哨儿,7-9
又水,7-9
又头禅,7-9
又香糖,7-9
又音,7-9
又罩,7-9
又子,7-9
扣除,7-9
扣留,7-9
扣人心弦,7-9
扣押,7-9
枯竭,7-9
窟窿,7-9
哭泣,7-9
枯萎,7-9
哭笑不得,7-9
苦尽甘来,7-9
苦难,7-9
苦恼,7-9
苦涩,7-9
苦笑,7-9
苦心,7-9
库存,7-9
酷似,7-9
夸大,7-9
夸夸其谈,7-9
夸耀,7-9
垮,7-9
挎,7-9
跨,7-9
跨度,7-9
跨国,7-9
跨越,7-9
快活,7-9
宽敞,7-9
宽泛,7-9
宽广,7-9
宽厚,7-9
宽阔,7-9
宽容,7-9
宽恕,7-9
宽松,7-9
款待,7-9
款项,7-9
筐,7-9
狂,7-9
狂欢,7-9
狂热,7-9
矿,7-9
框,7-9
矿藏,7-9
矿产,7-9
框架,7-9
旷课,7-9
况且,7-9
亏本,7-9
亏待,7-9
捆,7-9
困惑,7-9
困境,7-9
扩,7-9
扩充,7-9
阔绰,7-9
括号,7-9
扩建,7-9
扩散,7-9
扩张,7-9
拉动,7-9
啦啦队,7-9
拉链,7-9
拉拢,7-9
喇叭,7-9
蜡,7-9
腊月,7-9
蜡烛,7-9
来宾,7-9
来电,7-9
来访,7-9
来回,7-9
来历,7-9
来龙去脉,7-9
来年,7-9
来之不易,7-9
栏杆,7-9
栏目,7-9
蓝图,7-9
揽,7-9
缆车,7-9
懒得,7-9
懒惰,7-9
滥用,7-9
狼狈,7-9
狼吞虎咽,7-9
朗诵,7-9
捞,7-9
唠叨,7-9
牢固,7-9
牢记,7-9
劳驾,7-9
牢牢,7-9
劳累,7-9
牢骚,7-9
劳务,7-9
老伴儿,7-9
老大,7-9
老化,7-9
老人家,7-9
老乡,7-9
老字号,7-9
涝,7-9
乐此不疲,7-9
乐意,7-9
乐园,7-9
勒,7-9
雷达,7-9
雷同,7-9
累赘,7-9
累计,7-9
累积,7-9
棱角,7-9
冷淡,7-9
冷冻,7-9
冷酷,7-9
冷落,7-9
冷门,7-9
冷漠,7-9
冷气,7-9
冷却,7-9
冷战,7-9
愣,7-9
黎明,7-9
离谱儿,7-9
离奇,7-9
理睬,7-9
里程碑,7-9
礼服,7-9
理会,7-9
礼节,7-9
礼品,7-9
礼尚往来,7-9
理事,7-9
理所当然,7-9
礼堂,7-9
礼仪,7-9
鲤鱼,7-9
理智,7-9
理直气壮,7-9
立案,7-9
利弊,7-9
力不从心,7-9
历程,7-9
历代,7-9
立法,7-9
立方,7-9
立方米,7-9
立功,7-9
利害,7-9
立交桥,7-9
历届,7-9
历来,7-9
莅临,7-9
利率,7-9
力求,7-9
历时,7-9
利索,7-9
力所能及,7-9
立体,7-9
力争,7-9
励志,7-9
立足,7-9
连贯,7-9
联欢,7-9
廉价,7-9
廉洁,7-9
连连,7-9
联络,7-9
联盟,7-9
连绵,7-9
连年,7-9
连任,7-9
联赛,7-9
联手,7-9
连锁,7-9
连同,7-9
怜惜,7-9
连夜,7-9
廉正,7-9
帘子,7-9
莲子,7-9
脸颊,7-9
炼,7-9
恋恋不舍,7-9
良,7-9
凉爽,7-9
良心,7-9
良性,7-9
两又子,7-9
两栖,7-9
两手,7-9
两下子,7-9
两翼,7-9
亮点,7-9
量化,7-9
谅解,7-9
亮丽,7-9
亮相,7-9
潦草,7-9
疗法,7-9
辽阔,7-9
寥寥无几,7-9
疗效,7-9
疗养,7-9
了结,7-9
料理,7-9
咧嘴,7-9
裂,7-9
裂缝,7-9
裂痕,7-9
列举,7-9
猎人,7-9
烈日,7-9
劣势,7-9
烈士,7-9
猎物,7-9
劣质,7-9
拎,7-9
临,7-9
临床,7-9
临街,7-9
临近,7-9
吝啬,7-9
灵,7-9
灵感,7-9
灵魂,7-9
零件,7-9
灵机一动,7-9
灵敏,7-9
灵巧,7-9
零售,7-9
零碎,7-9
聆听,7-9
灵通,7-9
零星,7-9
领队,7-9
领会,7-9
领军,7-9
领略,7-9
领事,7-9
领事馆,7-9
领土,7-9
领悟,7-9
领袖,7-9
领养,7-9
溜,7-9
溜达,7-9
流畅,7-9
流浪,7-9
留恋,7-9
流露,7-9
流氓,7-9
留念,7-9
流派,7-9
留神,7-9
流逝,7-9
流失,7-9
流水,7-9
流淌,7-9
流向,7-9
留心,7-9
流血,7-9
留意,7-9
流域,7-9
流转,7-9
柳树,7-9
遛,7-9
聋,7-9
龙头,7-9
隆重,7-9
笼子,7-9
垄断,7-9
笼统,7-9
笼罩,7-9
搂,7-9
露面,7-9
炉子,7-9
鲁莽,7-9
卤味,7-9
鹿,7-9
露2,7-9
路段,7-9
路径,7-9
陆军,7-9
露天,7-9
路途,7-9
露营,7-9
路子,7-9
屡,7-9
缕,7-9
屡次,7-9
屡屡,7-9
绿地,7-9
绿洲,7-9
孪生,7-9
卵,7-9
乱七八糟,7-9
略,7-9
掠夺,7-9
略微,7-9
抡,7-9
轮换,7-9
轮廓,7-9
伦理,7-9
轮胎,7-9
论述,7-9
论证,7-9
啰唆,7-9
萝卜,7-9
螺丝,7-9
裸,7-9
裸露,7-9
裸体,7-9
落差,7-9
落成,7-9
落户,7-9
落实,7-9
络绎不绝,7-9
麻1,7-9
麻2,7-9
麻痹,7-9
麻将,7-9
麻辣,7-9
麻木,7-9
麻醉,7-9
码1,7-9
码2,7-9
马后炮,7-9
马力,7-9
马桶,7-9
埋藏,7-9
埋伏,7-9
埋没,7-9
埋头苦干,7-9
埋葬,7-9
脉搏,7-9
脉络,7-9
瞒,7-9
埋怨,7-9
满怀,7-9
漫,7-9
慢性,7-9
蔓延,7-9
漫游,7-9
忙活,7-9
忙乱,7-9
茫茫,7-9
盲目,7-9
茫然,7-9
矛头,7-9
冒充,7-9
冒犯,7-9
冒昧,7-9
茂密,7-9
茂盛,7-9
枚,7-9
媒介,7-9
没劲,7-9
眉开眼笑,7-9
煤气,7-9
煤炭,7-9
没完没了,7-9
没辙,7-9
没准儿,7-9
美德,7-9
美化,7-9
美满,7-9
美妙,7-9
美容,7-9
美学,7-9
美誉,7-9
美中不足,7-9
美滋滋,7-9
闷,7-9
闷热,7-9
门槛,7-9
门路,7-9
闷,7-9
蒙,7-9
蒙,7-9
萌发,7-9
朦胧,7-9
萌芽,7-9
盟友,7-9
猛,7-9
猛烈,7-9
猛然,7-9
梦幻,7-9
梦寐以求,7-9
眯,7-9
谜,7-9
谜底,7-9
迷惑,7-9
迷恋,7-9
弥漫,7-9
迷失,7-9
谜团,7-9
迷信,7-9
谜语,7-9
密布,7-9
秘方,7-9
密封,7-9
秘诀,7-9
蜜月,7-9
棉花,7-9
免不了,7-9
免除,7-9
免得,7-9
缅怀,7-9
勉励,7-9
腼腆,7-9
免职,7-9
面红耳赤,7-9
面孔,7-9
面貌,7-9
面面俱到,7-9
面目全非,7-9
苗,7-9
苗条,7-9
苗头,7-9
瞄准,7-9
藐视,7-9
渺小,7-9
庙,7-9
庙会,7-9
灭绝,7-9
蔑视,7-9
灭亡,7-9
民办,7-9
民居,7-9
民生,7-9
民事,7-9
民意,7-9
民营,7-9
民用,7-9
敏捷,7-9
敏锐,7-9
鸣,7-9
名次,7-9
名副其实,7-9
名贵,7-9
铭记,7-9
明朗,7-9
名利,7-9
明媚,7-9
名声,7-9
名言,7-9
名义,7-9
名誉,7-9
明智,7-9
名著,7-9
命2,7-9
摸索,7-9
膜,7-9
磨,7-9
摩擦,7-9
魔法,7-9
模范,7-9
蘑菇,7-9
魔鬼,7-9
磨合,7-9
魔力,7-9
磨炼,7-9
磨难,7-9
魔术,7-9
磨损,7-9
抹,7-9
抹杀,7-9
墨,7-9
莫大,7-9
莫非,7-9
茉莉,7-9
没落,7-9
莫名其妙,7-9
默默无闻,7-9
默契,7-9
漠然,7-9
末日,7-9
没收,7-9
墨水,7-9
谋害,7-9
谋划,7-9
谋求,7-9
谋取,7-9
谋生,7-9
亩,7-9
牡丹,7-9
拇指,7-9
墓,7-9
幕,7-9
墓碑,7-9
目不转睛,7-9
牧场,7-9
目瞪又呆,7-9
墓地,7-9
目睹,7-9
幕后,7-9
木匠,7-9
募捐,7-9
牧民,7-9
木偶,7-9
沐浴,7-9
目中无人,7-9
拿手,7-9
呐喊,7-9
纳闷儿,7-9
纳入,7-9
纳税,7-9
纳税人,7-9
乃,7-9
奶酪,7-9
乃至,7-9
耐,7-9
耐人寻味,7-9
耐用,7-9
难处,7-9
难得一见,7-9
男方,7-9
南瓜,7-9
难怪,7-9
难关,7-9
难堪,7-9
难能可贵,7-9
难为情,7-9
难以置信,7-9
南辕北辙,7-9
挠,7-9
脑海,7-9
恼火,7-9
恼羞成怒,7-9
闹事,7-9
内存,7-9
内地,7-9
内行,7-9
内幕,7-9
内向,7-9
内需,7-9
内在,7-9
内脏,7-9
嫩,7-9
能耗,7-9
能耐,7-9
能人,7-9
泥泞,7-9
泥潭,7-9
泥土,7-9
拟,7-9
拟定,7-9
逆,7-9
逆境,7-9
匿名,7-9
溺水,7-9
逆行,7-9
黏,7-9
年报,7-9
年画,7-9
年均,7-9
年轮,7-9
年迈,7-9
年限,7-9
年薪,7-9
撵,7-9
念念不忘,7-9
念头,7-9
娘,7-9
酿造,7-9
鸟巢,7-9
尿,7-9
捏,7-9
拧,7-9
凝固,7-9
凝结,7-9
宁静,7-9
凝聚,7-9
凝视,7-9
拧,7-9
宁可,7-9
宁愿,7-9
纽带,7-9
纽扣,7-9
扭曲,7-9
扭头,7-9
扭转,7-9
农场,7-9
农历,7-9
农民工,7-9
浓缩,7-9
浓郁,7-9
浓重,7-9
弄虚作假,7-9
奴隶,7-9
女方,7-9
女婿,7-9
暖烘烘,7-9
虐待,7-9
挪,7-9
诺言,7-9
殴打,7-9
呕吐,7-9
趴,7-9
拍板,7-9
拍卖,7-9
排查,7-9
排斥,7-9
排行榜,7-9
徘徊,7-9
牌照,7-9
派别,7-9
派遣,7-9
攀,7-9
攀登,7-9
攀升,7-9
盘算,7-9
盘旋,7-9
判,7-9
盼,7-9
判处,7-9
判定,7-9
判决,7-9
叛逆,7-9
旁人,7-9
螃蟹,7-9
胖乎乎,7-9
抛弃,7-9
刨,7-9
跑龙套,7-9
炮,7-9
泡沫,7-9
胚胎,7-9
佩戴,7-9
配方,7-9
配件,7-9
配角,7-9
配偶,7-9
配音,7-9
配置,7-9
喷泉,7-9
盆地,7-9
抨击,7-9
烹饪,7-9
烹调,7-9
棚,7-9
蓬勃,7-9
鹏程万里,7-9
澎湃,7-9
膨胀,7-9
捧场,7-9
碰钉子,7-9
碰巧,7-9
劈,7-9
批发,7-9
披露,7-9
批判,7-9
脾,7-9
疲惫,7-9
皮革,7-9
疲倦,7-9
匹配,7-9
屁股,7-9
僻静,7-9
媲美,7-9
譬如,7-9
偏,7-9
偏爱,7-9
偏差,7-9
篇幅,7-9
偏见,7-9
偏离,7-9
偏旁,7-9
偏僻,7-9
偏偏,7-9
偏向,7-9
偏远,7-9
片子,7-9
片段,7-9
漂泊,7-9
飘浮,7-9
漂浮,7-9
漂流,7-9
飘扬,7-9
票房,7-9
撇,7-9
拼搏,7-9
拼接,7-9
拼命,7-9
贫乏,7-9
频频,7-9
贫穷,7-9
品德,7-9
品位,7-9
品味,7-9
品行,7-9
聘,7-9
聘任,7-9
聘用,7-9
屏蔽,7-9
平淡,7-9
评定,7-9
平房,7-9
平和,7-9
平价,7-9
瓶颈,7-9
平面,7-9
评判,7-9
平日,7-9
评审,7-9
萍水相逢,7-9
平坦,7-9
评委,7-9
平稳,7-9
平息,7-9
平行,7-9
平庸,7-9
平原,7-9
屏障,7-9
凭证,7-9
颇,7-9
泼冷水,7-9
破案,7-9
迫不及待,7-9
破除,7-9
迫害,7-9
破解,7-9
破旧,7-9
破例,7-9
魄力,7-9
破裂,7-9
破灭,7-9
迫使,7-9
破碎,7-9
扑克,7-9
铺路,7-9
扑面而来,7-9
菩萨,7-9
谱,7-9
朴实,7-9
瀑布,7-9
沏,7-9
漆,7-9
欺负,7-9
漆黑,7-9
凄凉,7-9
期盼,7-9
蹊跷,7-9
欺诈,7-9
七嘴八舌,7-9
祈祷,7-9
奇观,7-9
奇妙,7-9
旗袍,7-9
崎岖,7-9
歧视,7-9
奇特,7-9
齐心协力,7-9
旗帜,7-9
起步,7-9
起草,7-9
启程,7-9
起程,7-9
启迪,7-9
起伏,7-9
乞丐,7-9
起哄,7-9
起劲,7-9
起码,7-9
启蒙,7-9
起跑线,7-9
乞求,7-9
起诉,7-9
乞讨,7-9
企图,7-9
启用,7-9
岂有此理,7-9
器材,7-9
气愤,7-9
气管,7-9
器官,7-9
契机,7-9
迄今,7-9
器具,7-9
气流,7-9
气馁,7-9
气派,7-9
气泡,7-9
气魄,7-9
弃权,7-9
气色,7-9
气势,7-9
气息,7-9
气象,7-9
器械,7-9
气压,7-9
契约,7-9
器重,7-9
掐,7-9
卡,7-9
恰到好处,7-9
恰巧,7-9
恰如其分,7-9
洽谈,7-9
迁,7-9
签2,7-9
千变万化,7-9
牵扯,7-9
千方百计,7-9
牵挂,7-9
迁就,7-9
千军万马,7-9
千钧一发,7-9
牵涉,7-9
签署,7-9
牵头,7-9
迁徙,7-9
谦逊,7-9
迁移,7-9
签约,7-9
牵制,7-9
千姿百态,7-9
前辈,7-9
钱财,7-9
前程,7-9
虔诚,7-9
潜伏,7-9
前赴后继,7-9
潜能,7-9
前任,7-9
潜入,7-9
潜水,7-9
前所未有,7-9
前台,7-9
潜艇,7-9
前无古人,7-9
前夕,7-9
前线,7-9
潜心,7-9
前沿,7-9
潜移默化,7-9
潜在,7-9
浅显,7-9
谴责,7-9
欠缺,7-9
欠条,7-9
歉意,7-9
呛,7-9
腔,7-9
枪毙,7-9
强盗,7-9
强加,7-9
强劲,7-9
强势,7-9
强项,7-9
强行,7-9
强硬,7-9
强占,7-9
强制,7-9
抢夺,7-9
抢劫,7-9
抢眼,7-9
呛,7-9
敲诈,7-9
憔悴,7-9
巧合,7-9
翘,7-9
撬,7-9
窍门,7-9
切除,7-9
切磋,7-9
切割,7-9
切换,7-9
且,7-9
锲而不舍,7-9
切记,7-9
切忌,7-9
窃取,7-9
切身,7-9
惬意,7-9
侵犯,7-9
侵害,7-9
亲和力,7-9
亲近,7-9
侵略,7-9
钦佩,7-9
侵权,7-9
亲热,7-9
亲身,7-9
亲生,7-9
亲手,7-9
亲眼,7-9
侵占,7-9
勤工俭学,7-9
勤俭,7-9
勤快,7-9
琴棋书画,7-9
寝室,7-9
轻而易举,7-9
清澈,7-9
清除,7-9
清脆,7-9
清单,7-9
倾倒,7-9
倾家荡产,7-9
清静,7-9
青睐,7-9
清凉,7-9
轻蔑,7-9
轻视,7-9
倾诉,7-9
青铜器,7-9
轻微,7-9
倾销,7-9
倾斜,7-9
清新,7-9
轻型,7-9
情报,7-9
情不自禁,7-9
情调,7-9
情怀,7-9
情结,7-9
情境,7-9
情理,7-9
情侣,7-9
情人,7-9
情商,7-9
情谊,7-9
情愿,7-9
请柬,7-9
请示,7-9
请帖,7-9
庆典,7-9
庆贺,7-9
庆幸,7-9
丘陵,7-9
囚犯,7-9
求同存异,7-9
求学,7-9
求医,7-9
求证,7-9
驱动,7-9
屈服,7-9
区间,7-9
区区,7-9
曲线,7-9
趋于,7-9
曲折,7-9
驱逐,7-9
取而代之,7-9
取材,7-9
取缔,7-9
取经,7-9
取决,7-9
取暖,7-9
取胜,7-9
取笑,7-9
曲艺,7-9
去除,7-9
去处,7-9
去向,7-9
圈套,7-9
圈子,7-9
拳,7-9
全方位,7-9
权衡,7-9
拳击,7-9
全局,7-9
全力以赴,7-9
全能,7-9
全身心,7-9
诠释,7-9
拳头,7-9
权威,7-9
权限,7-9
全心全意,7-9
权益,7-9
劝告,7-9
劝说,7-9
劝阻,7-9
缺又,7-9
缺失,7-9
缺席,7-9
瘸,7-9
确切,7-9
确信,7-9
确凿,7-9
确诊,7-9
燃放,7-9
燃气,7-9
燃油,7-9
嚷,7-9
让步,7-9
饶,7-9
饶恕,7-9
扰乱,7-9
绕行,7-9
绕远儿,7-9
惹,7-9
热潮,7-9
热带,7-9
热泪盈眶,7-9
热腾腾,7-9
热销,7-9
热衷,7-9
仁慈,7-9
人次,7-9
人道,7-9
人格,7-9
人间,7-9
人品,7-9
人气,7-9
人情,7-9
人权,7-9
人身,7-9
人手,7-9
人文,7-9
人性,7-9
任性,7-9
人选,7-9
人缘儿,7-9
人造,7-9
人质,7-9
忍耐,7-9
忍心,7-9
任,7-9
任命,7-9
任期,7-9
韧性,7-9
任意,7-9
认证,7-9
任职,7-9
任重道远,7-9
日程,7-9
日复一日,7-9
日趋,7-9
日新月异,7-9
融,7-9
容光焕发,7-9
荣获,7-9
溶解,7-9
容貌,7-9
容纳,7-9
容器,7-9
融洽,7-9
容忍,7-9
荣幸,7-9
容许,7-9
容颜,7-9
荣耀,7-9
融资,7-9
冗长,7-9
揉,7-9
柔和,7-9
如痴如醉,7-9
如期,7-9
如实,7-9
如意,7-9
如一,7-9
如愿以偿,7-9
乳制品,7-9
入场,7-9
入场券,7-9
入侵,7-9
入手,7-9
软弱,7-9
软实力,7-9
瑞雪,7-9
润,7-9
若,7-9
若干,7-9
若是,7-9
弱势,7-9
弱项,7-9
撒,7-9
撒谎,7-9
赛,7-9
赛车,7-9
赛季,7-9
赛跑,7-9
三番五次,7-9
三角,7-9
三维,7-9
散布,7-9
散落,7-9
桑拿,7-9
嗓音,7-9
丧生,7-9
骚乱,7-9
骚扰,7-9
扫除,7-9
扫墓,7-9
扫兴,7-9
嫂子,7-9
扫帚,7-9
僧人,7-9
纱,7-9
杀毒,7-9
杀害,7-9
沙龙,7-9
杀手,7-9
沙滩,7-9
傻瓜,7-9
筛,7-9
筛查,7-9
山川,7-9
煽动,7-9
山谷,7-9
山岭,7-9
山脉,7-9
山寨,7-9
闪烁,7-9
善,7-9
膳食,7-9
赡养,7-9
善意,7-9
擅自,7-9
伤脑筋,7-9
伤残,7-9
商贩,7-9
伤感,7-9
商贾,7-9
伤痕,7-9
商机,7-9
伤势,7-9
商讨,7-9
商议,7-9
商用,7-9
赏识,7-9
尚,7-9
上半场,7-9
上报,7-9
上层,7-9
上场,7-9
上岗,7-9
上火,7-9
上空,7-9
尚且,7-9
上任,7-9
上司,7-9
上诉,7-9
上调,7-9
尚未,7-9
上限,7-9
上行,7-9
上演,7-9
上瘾,7-9
上映,7-9
上游,7-9
捎,7-9
稍后,7-9
烧毁,7-9
稍稍,7-9
少不了,7-9
哨,7-9
少女,7-9
奢侈,7-9
奢望,7-9
折,7-9
设,7-9
设定,7-9
设法,7-9
社会主义,7-9
社交,7-9
涉猎,7-9
社团,7-9
涉嫌,7-9
深奥,7-9
申办,7-9
申报,7-9
身不由己,7-9
深沉,7-9
深化,7-9
身价,7-9
申领,7-9
深切,7-9
深情,7-9
深情厚谊,7-9
身躯,7-9
深入人心,7-9
绅士,7-9
伸手,7-9
深思,7-9
申诉,7-9
深邃,7-9
伸缩,7-9
呻吟,7-9
身影,7-9
深造,7-9
伸张,7-9
身子,7-9
神气,7-9
神情,7-9
神圣,7-9
神态,7-9
神仙,7-9
审,7-9
审查,7-9
审定,7-9
审核,7-9
审计,7-9
审理,7-9
审判,7-9
审批,7-9
审视,7-9
肾,7-9
渗,7-9
渗透,7-9
慎重,7-9
生产线,7-9
声称,7-9
牲畜,7-9
升华,7-9
生机,7-9
生理,7-9
声明,7-9
生命线,7-9
生怕,7-9
生平,7-9
生前,7-9
声势,7-9
生疏,7-9
生死,7-9
声望,7-9
生效,7-9
生涯,7-9
生硬,7-9
生育,7-9
声誉,7-9
升值,7-9
绳子,7-9
省略,7-9
省事,7-9
盛产,7-9
胜出,7-9
盛大,7-9
胜负,7-9
盛会,7-9
盛开,7-9
盛气凌人,7-9
盛情,7-9
胜任,7-9
盛夏,7-9
圣贤,7-9
盛行,7-9
盛宴,7-9
失传,7-9
湿地,7-9
师范,7-9
施工,7-9
施加,7-9
失控,7-9
失利,7-9
失礼,7-9
失灵,7-9
失落,7-9
失明,7-9
湿润,7-9
失事,7-9
失态,7-9
尸体,7-9
失效,7-9
施行,7-9
施压,7-9
施展,7-9
师长,7-9
师资,7-9
失踪,7-9
时隔,7-9
时而,7-9
实地,7-9
时段,7-9
时好时坏,7-9
实话实说,7-9
时节,7-9
时空,7-9
实况,7-9
时髦,7-9
时时,7-9
时事,7-9
实事求是,7-9
食宿,7-9
实体,7-9
实物,7-9
时装,7-9
屎,7-9
使唤,7-9
使命,7-9
史无前例,7-9
使者,7-9
势必,7-9
势不可当,7-9
视察,7-9
市场经济,7-9
世代,7-9
试点,7-9
是非,7-9
世故,7-9
嗜好,7-9
侍候,7-9
事迹,7-9
世间,7-9
视角,7-9
适量,7-9
士气,7-9
世人,7-9
适时,7-9
逝世,7-9
事态,7-9
试探,7-9
势头,7-9
示威,7-9
事务所,7-9
视线,7-9
试行,7-9
视野,7-9
事宜,7-9
示意,7-9
市值,7-9
柿子,7-9
收复,7-9
收割,7-9
收据,7-9
收敛,7-9
收留,7-9
收买,7-9
收视率,7-9
收缩,7-9
收养,7-9
收音机,7-9
收支,7-9
手册,7-9
首创,7-9
手动,7-9
首付,7-9
首府,7-9
守候,7-9
守护,7-9
手脚,7-9
首脑,7-9
手帕,7-9
首批,7-9
手枪,7-9
首饰,7-9
手头,7-9
手腕,7-9
首席,7-9
守信,7-9
手艺,7-9
手掌,7-9
守株待兔,7-9
受宠若惊,7-9
受挫,7-9
受害,7-9
受害人,7-9
受贿,7-9
受惊,7-9
受苦,7-9
受理,7-9
受骗,7-9
授权,7-9
受益,7-9
受益匪浅,7-9
授予,7-9
受罪,7-9
梳,7-9
舒畅,7-9
疏导,7-9
疏忽,7-9
书记,7-9
梳理,7-9
枢纽,7-9
抒情,7-9
疏散,7-9
疏通,7-9
输血,7-9
输液,7-9
疏远,7-9
舒展,7-9
梳子,7-9
赎,7-9
曙光,7-9
属相,7-9
属性,7-9
数一数二,7-9
数额,7-9
束缚,7-9
树干,7-9
数据库,7-9
竖立,7-9
数码,7-9
树梢,7-9
束手无策,7-9
树荫,7-9
刷新,7-9
耍,7-9
耍赖,7-9
衰减,7-9
摔跤,7-9
衰竭,7-9
衰落,7-9
衰弱,7-9
衰退,7-9
甩,7-9
率,7-9
拴,7-9
涮,7-9
霜,7-9
双胞胎,7-9
双边,7-9
双重,7-9
双向,7-9
双赢,7-9
爽,7-9
爽快,7-9
水产,7-9
水滴石穿,7-9
水晶,7-9
水利,7-9
水龙头,7-9
水落石出,7-9
水汽,7-9
水土,7-9
水域,7-9
水源,7-9
水涨船高,7-9
水准,7-9
睡袋,7-9
税收,7-9
税务,7-9
顺差,7-9
顺畅,7-9
顺从,7-9
顺理成章,7-9
顺路,7-9
顺其自然,7-9
顺势,7-9
顺手,7-9
顺心,7-9
顺延,7-9
顺应,7-9
说不上,7-9
说谎,7-9
说情,7-9
硕果,7-9
丝,7-9
撕,7-9
丝绸,7-9
司法,7-9
丝毫,7-9
私家车,7-9
司空见惯,7-9
私立,7-9
司令,7-9
思前想后,7-9
私事,7-9
思索,7-9
私下,7-9
思绪,7-9
私营,7-9
私有,7-9
私自,7-9
死心,7-9
寺,7-9
似曾相识,7-9
四方,7-9
伺机,7-9
饲料,7-9
四面八方,7-9
寺庙,7-9
似是而非,7-9
四通八达,7-9
肆无忌惮,7-9
饲养,7-9
四肢,7-9
松弛,7-9
松树,7-9
松懈,7-9
耸,7-9
耸立,7-9
怂恿,7-9
送别,7-9
送行,7-9
搜查,7-9
搜救,7-9
搜寻,7-9
酥,7-9
苏醒,7-9
俗,7-9
俗称,7-9
俗话,7-9
俗语,7-9
素,7-9
素不相识,7-9
素材,7-9
诉苦,7-9
诉求,7-9
素食,7-9
诉说,7-9
诉讼,7-9
素养,7-9
诉诸,7-9
蒜,7-9
算计,7-9
算盘,7-9
算数,7-9
算账,7-9
虽说,7-9
随处可见,7-9
随即,7-9
随机,7-9
随身,7-9
随时随地,7-9
随心所欲,7-9
隧道,7-9
损人利己,7-9
缩,7-9
缩减,7-9
缩水,7-9
缩影,7-9
锁定,7-9
索赔,7-9
索取,7-9
所属,7-9
琐碎,7-9
所谓,7-9
索性,7-9
所在,7-9
所作所为,7-9
塌,7-9
踏,7-9
胎,7-9
胎儿,7-9
泰斗,7-9
太极,7-9
太平,7-9
态势,7-9
贪,7-9
摊,7-9
瘫,7-9
贪吃,7-9
瘫痪,7-9
贪婪,7-9
贪污,7-9
坛,7-9
痰,7-9
谈及,7-9
坦白,7-9
坦诚,7-9
坦克,7-9
坦然,7-9
坦率,7-9
坦言,7-9
毯子,7-9
炭,7-9
探,7-9
探测,7-9
探究,7-9
叹气,7-9
探亲,7-9
探求,7-9
探望,7-9
探险,7-9
堂,7-9
糖尿病,7-9
淌,7-9
倘若,7-9
掏腰包,7-9
滔滔不绝,7-9
淘,7-9
逃避,7-9
陶瓷,7-9
逃生,7-9
逃亡,7-9
陶冶,7-9
陶醉,7-9
讨,7-9
讨好,7-9
讨价还价,7-9
特此,7-9
特例,7-9
特权,7-9
特邀,7-9
特制,7-9
特质,7-9
腾,7-9
疼爱,7-9
藤蔓,7-9
剔除,7-9
梯子,7-9
提拔,7-9
提纲,7-9
提及,7-9
提炼,7-9
提名,7-9
提速,7-9
提心吊胆,7-9
提议,7-9
体裁,7-9
体谅,7-9
体面,7-9
体能,7-9
体魄,7-9
体态,7-9
体贴,7-9
体制,7-9
体质,7-9
剃,7-9
替补,7-9
替换,7-9
天长地久,7-9
天敌,7-9
天地,7-9
天鹅,7-9
天分,7-9
天赋,7-9
天花板,7-9
添加剂,7-9
天经地义,7-9
天伦之乐,7-9
天平,7-9
天桥,7-9
天生,7-9
天使,7-9
天堂,7-9
天线,7-9
天性,7-9
填补,7-9
填充,7-9
田间,7-9
甜美,7-9
甜蜜,7-9
田野,7-9
田园,7-9
舔,7-9
挑剔,7-9
调和,7-9
调剂,7-9
调解,7-9
调侃,7-9
调控,7-9
条款,7-9
条例,7-9
条理,7-9
调料,7-9
调试,7-9
条约,7-9
挑,7-9
挑拨,7-9
挑衅,7-9
跳槽,7-9
跳动,7-9
跳伞,7-9
眺望,7-9
跳跃,7-9
贴切,7-9
铁,7-9
帖子,7-9
听从,7-9
停泊,7-9
停顿,7-9
停放,7-9
停业,7-9
停滞,7-9
亭子,7-9
挺拔,7-9
通报,7-9
通畅,7-9
通车,7-9
通告,7-9
通红,7-9
通货膨胀,7-9
通缉,7-9
通顺,7-9
通俗,7-9
通通,7-9
通宵,7-9
同胞,7-9
同比,7-9
同步,7-9
同等,7-9
同感,7-9
同伙,7-9
同盟,7-9
同期,7-9
同仁,7-9
同志,7-9
同舟共济,7-9
捅,7-9
筒,7-9
统筹,7-9
统统,7-9
统治,7-9
痛心,7-9
偷窥,7-9
偷懒,7-9
投奔,7-9
投放,7-9
投稿,7-9
头号,7-9
投机,7-9
投射,7-9
投身,7-9
头条,7-9
头头是道,7-9
头衔,7-9
投降,7-9
投掷,7-9
透彻,7-9
透气,7-9
透支,7-9
凸,7-9
秃,7-9
突击,7-9
突破又,7-9
突如其来,7-9
突兀,7-9
凸显,7-9
涂,7-9
徒步,7-9
徒劳,7-9
屠杀,7-9
图形,7-9
图纸,7-9
吐槽,7-9
土生土长,7-9
团伙,7-9
团聚,7-9
团员,7-9
推崇,7-9
推辞,7-9
推断,7-9
推翻,7-9
推理,7-9
推论,7-9
推敲,7-9
推算,7-9
推卸,7-9
推选,7-9
推移,7-9
颓废,7-9
退步,7-9
退化,7-9
退回,7-9
退却,7-9
退让,7-9
退缩,7-9
退役,7-9
吞吞吐吐,7-9
臀,7-9
托,7-9
托付,7-9
脱节,7-9
脱又而出,7-9
拖累,7-9
脱离,7-9
脱落,7-9
拖欠,7-9
脱身,7-9
脱颖而出,7-9
驮,7-9
妥,7-9
妥当,7-9
妥善,7-9
妥协,7-9
椭圆,7-9
拓宽,7-9
唾弃,7-9
唾液,7-9
拓展,7-9
挖掘,7-9
挖苦,7-9
瓦,7-9
瓦解,7-9
歪曲,7-9
外币,7-9
外行,7-9
外号,7-9
外汇,7-9
外籍,7-9
外贸,7-9
外貌,7-9
外向,7-9
外星人,7-9
外援,7-9
外在,7-9
外资,7-9
丸,7-9
完备,7-9
完毕,7-9
顽固,7-9
完好,7-9
玩弄,7-9
顽皮,7-9
玩耍,7-9
玩意儿,7-9
丸子,7-9
挽,7-9
挽回,7-9
挽救,7-9
晚年,7-9
晚期,7-9
惋惜,7-9
晚霞,7-9
万分,7-9
万能,7-9
万万,7-9
万无一失,7-9
汪洋,7-9
王朝,7-9
王国,7-9
王牌,7-9
亡羊补牢,7-9
往常,7-9
网点,7-9
网民,7-9
往日,7-9
往事,7-9
旺,7-9
旺季,7-9
旺盛,7-9
妄想,7-9
望远镜,7-9
微,7-9
微波炉,7-9
微不足道,7-9
威风,7-9
微观,7-9
危及,7-9
危急,7-9
威力,7-9
微妙,7-9
微弱,7-9
威慑,7-9
微生物,7-9
威望,7-9
微微,7-9
威信,7-9
微型,7-9
唯,7-9
违背,7-9
唯独,7-9
围观,7-9
围墙,7-9
维权,7-9
为人,7-9
唯有,7-9
违约,7-9
违章,7-9
纬度,7-9
尾气,7-9
尾声,7-9
萎缩,7-9
委婉,7-9
委员,7-9
委员会,7-9
伪造,7-9
伪装,7-9
味精,7-9
畏惧,7-9
蔚蓝,7-9
慰劳,7-9
未免,7-9
卫视,7-9
畏缩,7-9
慰问,7-9
卫星,7-9
喂养,7-9
未知数,7-9
位子,7-9
温差,7-9
温带,7-9
温度计,7-9
温泉,7-9
温室,7-9
温习,7-9
温馨,7-9
瘟疫,7-9
文,7-9
文盲,7-9
文凭,7-9
文人,7-9
文雅,7-9
蚊帐,7-9
蚊子,7-9
吻,7-9
稳,7-9
稳固,7-9
吻合,7-9
稳健,7-9
紊乱,7-9
稳妥,7-9
稳重,7-9
问候,7-9
问世,7-9
窝,7-9
卧,7-9
卧铺,7-9
污秽,7-9
污蔑,7-9
诬陷,7-9
屋檐,7-9
呜咽,7-9
乌云,7-9
无比,7-9
无边无际,7-9
无不,7-9
无偿,7-9
无耻,7-9
无从,7-9
无敌,7-9
无动于衷,7-9
无非,7-9
无故,7-9
无辜,7-9
无关紧要,7-9
无话可说,7-9
无家可归,7-9
无价之宝,7-9
无精打采,7-9
无济于事,7-9
无可厚非,7-9
无可奈何,7-9
无赖,7-9
无力,7-9
无理,7-9
无论如何,7-9
无能,7-9
无能为力,7-9
无情,7-9
无穷,7-9
无私,7-9
无所事事,7-9
无所作为,7-9
无条件,7-9
无微不至,7-9
无线,7-9
无形,7-9
无须,7-9
无意,7-9
无忧无虑,7-9
无缘,7-9
无知,7-9
捂,7-9
舞,7-9
五官,7-9
五花八门,7-9
五湖四海,7-9
武力,7-9
侮辱,7-9
武侠,7-9
武装,7-9
勿,7-9
务必,7-9
误差,7-9
误导,7-9
务工,7-9
物力,7-9
物流,7-9
物美价廉,7-9
误区,7-9
物色,7-9
务实,7-9
物证,7-9
物种,7-9
物资,7-9
稀,7-9
溪,7-9
吸毒,7-9
膝盖,7-9
稀罕,7-9
熄火,7-9
犀利,7-9
奚落,7-9
熄灭,7-9
吸纳,7-9
稀奇,7-9
昔日,7-9
稀少,7-9
牺牲,7-9
嬉笑,7-9
熙熙攘攘,7-9
息息相关,7-9
夕阳,7-9
稀有,7-9
锡纸,7-9
席,7-9
袭击,7-9
席位,7-9
喜出望外,7-9
洗涤,7-9
喜好,7-9
喜酒,7-9
洗礼,7-9
喜怒哀乐,7-9
喜庆,7-9
喜糖,7-9
喜闻乐见,7-9
喜洋洋,7-9
喜悦,7-9
细腻,7-9
细微,7-9
虾,7-9
瞎,7-9
狭隘,7-9
瑕疵,7-9
峡谷,7-9
辖区,7-9
狭小,7-9
狭义,7-9
狭窄,7-9
下半场,7-9
下场,7-9
下达,7-9
下跌,7-9
吓唬,7-9
下滑,7-9
下级,7-9
下令,7-9
下落,7-9
吓人,7-9
下手,7-9
下属,7-9
下台,7-9
下调,7-9
下行,7-9
下意识,7-9
下游,7-9
下坠,7-9
掀,7-9
先锋,7-9
仙鹤,7-9
鲜活,7-9
先例,7-9
鲜美,7-9
仙女,7-9
掀起,7-9
先天,7-9
纤维,7-9
鲜血,7-9
弦,7-9
闲话,7-9
衔接,7-9
嫌弃,7-9
嫌疑,7-9
闲置,7-9
显而易见,7-9
显赫,7-9
显露,7-9
显示器,7-9
显微镜,7-9
鲜为人知,7-9
显现,7-9
显性,7-9
显眼,7-9
陷,7-9
馅,7-9
献,7-9
现成,7-9
限定,7-9
宪法,7-9
陷害,7-9
陷阱,7-9
现任,7-9
线条,7-9
现行,7-9
镶,7-9
相伴,7-9
相辅相成,7-9
相继,7-9
相近,7-9
香料,7-9
镶嵌,7-9
乡亲,7-9
相识,7-9
相提并论,7-9
相通,7-9
乡下,7-9
香油,7-9
相遇,7-9
相约,7-9
祥和,7-9
详尽,7-9
享,7-9
想方设法,7-9
响亮,7-9
响应,7-9
享用,7-9
享有,7-9
巷,7-9
向导,7-9
橡胶,7-9
向来,7-9
相貌,7-9
像样,7-9
消,7-9
销,7-9
削,7-9
消沉,7-9
销毁,7-9
消磨,7-9
消遣,7-9
潇洒,7-9
萧条,7-9
嚣张,7-9
小菜一碟,7-9
小丑,7-9
小费,7-9
小看,7-9
小康,7-9
小品,7-9
小人,7-9
小提琴,7-9
小心翼翼,7-9
效仿,7-9
孝敬,7-9
效力,7-9
孝顺,7-9
肖像,7-9
效益,7-9
邪,7-9
挟持,7-9
协定,7-9
邪恶,7-9
协商,7-9
携手,7-9
协同,7-9
协作,7-9
写照,7-9
泄,7-9
泻,7-9
卸,7-9
谢绝,7-9
泄漏,7-9
泄露,7-9
泄密,7-9
泄气,7-9
卸任,7-9
卸载,7-9
心安理得,7-9
心病,7-9
心肠,7-9
新潮,7-9
新陈代谢,7-9
薪酬,7-9
新春,7-9
心得,7-9
心甘情愿,7-9
心慌,7-9
心急如焚,7-9
心灵手巧,7-9
芯片,7-9
新奇,7-9
辛勤,7-9
心声,7-9
新生,7-9
心事,7-9
新式,7-9
新手,7-9
心思,7-9
心酸,7-9
辛酸,7-9
欣慰,7-9
欣喜,7-9
心想事成,7-9
欣欣向荣,7-9
心胸,7-9
心血,7-9
心眼儿,7-9
心意,7-9
信贷,7-9
信件,7-9
信仰,7-9
信誉,7-9
腥,7-9
兴奋剂,7-9
星级,7-9
兴建,7-9
兴隆,7-9
星球,7-9
兴盛,7-9
兴旺,7-9
星系,7-9
猩猩,7-9
星座,7-9
刑法,7-9
刑事,7-9
行使,7-9
行星,7-9
形形色色,7-9
形影不离,7-9
行政,7-9
醒目,7-9
醒悟,7-9
幸存,7-9
性感,7-9
兴高采烈,7-9
幸好,7-9
幸亏,7-9
幸免,7-9
性命,7-9
性情,7-9
姓氏,7-9
兴致,7-9
凶,7-9
凶残,7-9
凶恶,7-9
凶狠,7-9
胸怀,7-9
凶猛,7-9
凶手,7-9
胸膛,7-9
汹涌,7-9
胸有成竹,7-9
雄厚,7-9
雄伟,7-9
雄性,7-9
修补,7-9
修长,7-9
羞耻,7-9
休克,7-9
羞愧,7-9
休眠,7-9
休想,7-9
休养,7-9
修养,7-9
修正,7-9
绣,7-9
锈,7-9
嗅,7-9
嗅觉,7-9
秀丽,7-9
秀美,7-9
袖手旁观,7-9
袖珍,7-9
须,7-9
虚,7-9
虚构,7-9
虚幻,7-9
虚假,7-9
虚拟,7-9
虚荣,7-9
虚弱,7-9
虚伪,7-9
须知,7-9
徐徐,7-9
许,7-9
许愿,7-9
序,7-9
续,7-9
絮叨,7-9
续航,7-9
酗酒,7-9
序列,7-9
畜牧,7-9
序幕,7-9
旭日,7-9
序言,7-9
宣称,7-9
宣读,7-9
宣告,7-9
喧哗,7-9
喧闹,7-9
宣誓,7-9
宣泄,7-9
宣言,7-9
宣扬,7-9
玄,7-9
悬,7-9
悬挂,7-9
玄机,7-9
旋律,7-9
悬念,7-9
悬殊,7-9
旋涡,7-9
悬崖,7-9
选举,7-9
选民,7-9
选项,7-9
选用,7-9
炫耀,7-9
削减,7-9
削弱,7-9
靴子,7-9
学识,7-9
学士,7-9
学说,7-9
穴位,7-9
学业,7-9
学子,7-9
雪山,7-9
雪上加霜,7-9
血脉,7-9
血缘,7-9
熏,7-9
熏陶,7-9
勋章,7-9
旬,7-9
寻,7-9
寻常,7-9
巡回,7-9
巡逻,7-9
寻觅,7-9
巡视,7-9
循序渐进,7-9
训,7-9
驯,7-9
迅猛,7-9
逊色,7-9
押,7-9
压倒,7-9
压迫,7-9
鸦雀无声,7-9
丫头,7-9
压抑,7-9
压榨,7-9
压制,7-9
压轴,7-9
芽,7-9
哑,7-9
揠苗助长,7-9
烟囱,7-9
咽喉,7-9
烟花,7-9
烟火,7-9
延,7-9
沿岸,7-9
言辞,7-9
延缓,7-9
严谨,7-9
严峻,7-9
言论,7-9
严密,7-9
岩石,7-9
沿途,7-9
阎王,7-9
延误,7-9
沿线,7-9
言行,7-9
沿用,7-9
演变,7-9
掩耳盗铃,7-9
掩盖,7-9
眼红,7-9
掩护,7-9
演化,7-9
演技,7-9
眼界,7-9
演练,7-9
眼色,7-9
眼神,7-9
衍生,7-9
掩饰,7-9
演示,7-9
演说,7-9
演习,7-9
眼下,7-9
演绎,7-9
咽,7-9
验,7-9
厌烦,7-9
厌倦,7-9
艳丽,7-9
验收,7-9
厌恶,7-9
燕子,7-9
秧歌,7-9
扬,7-9
阳历,7-9
杨树,7-9
阳性,7-9
洋溢,7-9
养活,7-9
养生,7-9
仰望,7-9
养育,7-9
养殖,7-9
样本,7-9
样品,7-9
邀,7-9
妖怪,7-9
窑,7-9
摇摆,7-9
摇晃,7-9
遥控,7-9
摇篮,7-9
谣言,7-9
摇摇欲坠,7-9
药材,7-9
药方,7-9
要害,7-9
要好,7-9
要紧,7-9
要领,7-9
要命,7-9
要强,7-9
耀眼,7-9
椰子,7-9
野餐,7-9
野蛮,7-9
野兽,7-9
野心,7-9
夜班,7-9
业绩,7-9
液晶,7-9
夜校,7-9
夜宵,7-9
夜以继日,7-9
依,7-9
依次,7-9
依法,7-9
依附,7-9
衣裳,7-9
依托,7-9
医务,7-9
一线,7-9
依依不舍,7-9
依照,7-9
仪表,7-9
一并,7-9
疑点,7-9
一动不动,7-9
一度,7-9
一概,7-9
一概而论,7-9
一晃,7-9
移交,7-9
一技之长,7-9
宜居,7-9
遗留,7-9
遗漏,7-9
疑虑,7-9
一面,7-9
一目了然,7-9
遗弃,7-9
怡然自得,7-9
宜人,7-9
遗失,7-9
一事无成,7-9
遗体,7-9
遗忘,7-9
一味,7-9
遗物,7-9
移植,7-9
遗嘱,7-9
矣,7-9
倚,7-9
以身作则,7-9
以致,7-9
以至于,7-9
议,7-9
亦,7-9
译,7-9
溢,7-9
议程,7-9
一成不变,7-9
一筹莫展,7-9
一干二净,7-9
义工,7-9
一鼓作气,7-9
一经,7-9
一举,7-9
一举两得,7-9
一举一动,7-9
异又同声,7-9
易拉罐,7-9
一揽子,7-9
屹立,7-9
毅力,7-9
一连,7-9
一连串,7-9
意料,7-9
一毛不拔,7-9
疫苗,7-9
一旁,7-9
一齐,7-9
毅然,7-9
一如既往,7-9
一声不吭,7-9
一手,7-9
一丝不苟,7-9
一塌糊涂,7-9
议题,7-9
一体,7-9
一头,7-9
意图,7-9
亿万,7-9
意味,7-9
一无所有,7-9
一无所知,7-9
意向,7-9
意想不到,7-9
异想天开,7-9
一心,7-9
一行,7-9
异性,7-9
一心一意,7-9
一言不发,7-9
抑扬顿挫,7-9
一言一行,7-9
异议,7-9
一应俱全,7-9
抑郁,7-9
意愿,7-9
抑郁症,7-9
一早,7-9
一针见血,7-9
意志,7-9
阴暗,7-9
因地制宜,7-9
阴历,7-9
阴谋,7-9
殷勤,7-9
因人而异,7-9
音响,7-9
阴性,7-9
阴影,7-9
银幕,7-9
瘾,7-9
隐蔽,7-9
隐含,7-9
隐患,7-9
引荐,7-9
引经据典,7-9
引领,7-9
隐瞒,7-9
引擎,7-9
隐情,7-9
引人入胜,7-9
引人注目,7-9
隐形,7-9
隐性,7-9
引用,7-9
引诱,7-9
隐约,7-9
印章,7-9
印证,7-9
鹰,7-9
英俊,7-9
英明,7-9
英勇,7-9
应有尽有,7-9
荧光,7-9
迎合,7-9
赢家,7-9
营救,7-9
盈利,7-9
营利,7-9
迎面,7-9
营销,7-9
营造,7-9
影像,7-9
应,7-9
硬币,7-9
应酬,7-9
应付,7-9
应急,7-9
硬朗,7-9
硬盘,7-9
应邀,7-9
拥护,7-9
庸俗,7-9
涌,7-9
永恒,7-9
永久,7-9
勇往直前,7-9
踊跃,7-9
用意,7-9
忧愁,7-9
忧虑,7-9
优胜劣汰,7-9
悠闲,7-9
优雅,7-9
忧郁,7-9
优越,7-9
邮编,7-9
游船,7-9
油画,7-9
油腻,7-9
油漆,7-9
尤为,7-9
游行,7-9
犹豫不决,7-9
邮政,7-9
由衷,7-9
有待,7-9
有的放矢,7-9
友人,7-9
友善,7-9
有声有色,7-9
有条不紊,7-9
有望,7-9
有幸,7-9
有意,7-9
有朝一日,7-9
诱饵,7-9
诱发,7-9
诱惑,7-9
诱人,7-9
幼稚,7-9
淤泥,7-9
余,7-9
渔船,7-9
愚蠢,7-9
余地,7-9
愚公移山,7-9
舆论,7-9
愚昧,7-9
渔民,7-9
逾期,7-9
愉悦,7-9
与否,7-9
与日俱增,7-9
与时俱进,7-9
予以,7-9
与众不同,7-9
宇宙,7-9
玉,7-9
愈,7-9
预备,7-9
预感,7-9
预告,7-9
愈合,7-9
愈加,7-9
预见,7-9
预警,7-9
郁闷,7-9
遇难,7-9
预赛,7-9
预示,7-9
预售,7-9
预算,7-9
遇险,7-9
预先,7-9
预言,7-9
寓言,7-9
愈演愈烈,7-9
寓意,7-9
预兆,7-9
冤,7-9
冤枉,7-9
渊源,7-9
原创,7-9
缘分,7-9
原告,7-9
缘故,7-9
元老,7-9
园区,7-9
源泉,7-9
元首,7-9
源头,7-9
原型,7-9
源源不断,7-9
源远流长,7-9
原汁原味,7-9
援助,7-9
原装,7-9
远见,7-9
远近闻名,7-9
怨,7-9
怨恨,7-9
怨气,7-9
院士,7-9
怨言,7-9
曰,7-9
约定俗成,7-9
乐队,7-9
悦耳,7-9
越发,7-9
岳父,7-9
越过,7-9
阅览,7-9
阅历,7-9
岳母,7-9
乐谱,7-9
晕头转向,7-9
陨石,7-9
熨,7-9
蕴藏,7-9
运筹帷幄,7-9
孕妇,7-9
蕴含,7-9
运河,7-9
酝酿,7-9
运算,7-9
韵味,7-9
孕育,7-9
运转,7-9
运作,7-9
砸,7-9
杂技,7-9
杂交,7-9
杂乱无章,7-9
栽,7-9
栽培,7-9
栽赃,7-9
宰,7-9
再度,7-9
再接再厉,7-9
在所难免,7-9
载体,7-9
再现,7-9
在职,7-9
攒,7-9
暂,7-9
赞不绝又,7-9
赞美,7-9
暂且,7-9
赞叹,7-9
赞许,7-9
赞扬,7-9
赞助,7-9
葬,7-9
葬礼,7-9
糟粕,7-9
糟蹋,7-9
遭殃,7-9
凿,7-9
枣,7-9
早年,7-9
早日,7-9
灶,7-9
造福,7-9
造价,7-9
造假,7-9
造就,7-9
则2,7-9
责备,7-9
责怪,7-9
贼,7-9
增产,7-9
增收,7-9
增速,7-9
增添,7-9
增值,7-9
渣,7-9
扎根,7-9
扎实,7-9
闸,7-9
眨眼,7-9
榨,7-9
炸弹,7-9
诈骗,7-9
炸药,7-9
摘要,7-9
债,7-9
债券,7-9
债务,7-9
沾,7-9
占卜,7-9
沾光,7-9
瞻仰,7-9
斩,7-9
盏,7-9
斩钉截铁,7-9
展望,7-9
辗转,7-9
蘸,7-9
战场,7-9
绽放,7-9
站立,7-9
占领,7-9
战略,7-9
战士,7-9
战术,7-9
战役,7-9
占用,7-9
战友,7-9
章程,7-9
张灯结彩,7-9
张贴,7-9
张扬,7-9
掌舵,7-9
涨幅,7-9
掌管,7-9
长相,7-9
涨,7-9
胀,7-9
帐篷,7-9
招标,7-9
招揽,7-9
招募,7-9
招牌,7-9
朝气蓬勃,7-9
朝三暮四,7-9
招商,7-9
招数,7-9
朝夕相处,7-9
着迷,7-9
沼泽,7-9
罩,7-9
照办,7-9
照常,7-9
召集,7-9
照例,7-9
照料,7-9
照射,7-9
肇事,7-9
兆头,7-9
照样,7-9
照耀,7-9
遮,7-9
遮挡,7-9
遮盖,7-9
折腾,7-9
折叠,7-9
折合,7-9
哲理,7-9
折磨,7-9
折射,7-9
珍藏,7-9
侦查,7-9
针锋相对,7-9
针灸,7-9
真空,7-9
真理,7-9
真情,7-9
真是,7-9
珍视,7-9
侦探,7-9
珍稀,7-9
真心,7-9
真挚,7-9
珍重,7-9
斟酌,7-9
枕,7-9
诊所,7-9
震,7-9
震荡,7-9
阵地,7-9
镇定,7-9
振动,7-9
震动,7-9
振奋,7-9
震撼,7-9
镇静,7-9
震惊,7-9
阵容,7-9
振兴,7-9
阵营,7-9
振作,7-9
征,7-9
蒸,7-9
争辩,7-9
争端,7-9
蒸发,7-9
争分夺秒,7-9
征服,7-9
争光,7-9
征集,7-9
症结,7-9
争气,7-9
征收,7-9
争相,7-9
争先恐后,7-9
正月,7-9
挣扎,7-9
争执,7-9
整顿,7-9
整合,7-9
整洁,7-9
拯救,7-9
整数,7-9
整治,7-9
正版,7-9
正当,7-9
政党,7-9
正经,7-9
正能量,7-9
正气,7-9
政权,7-9
证券,7-9
证人,7-9
正视,7-9
正直,7-9
郑重,7-9
正宗,7-9
之2,7-9
织,7-9
之际,7-9
知己,7-9
支架,7-9
知觉,7-9
支流,7-9
芝麻,7-9
支配,7-9
支票,7-9
知识分子,7-9
肢体,7-9
支援,7-9
支柱,7-9
知足,7-9
知足常乐,7-9
职称,7-9
直达,7-9
执法,7-9
直观,7-9
直径,7-9
直觉,7-9
职能,7-9
值钱,7-9
直升机,7-9
直视,7-9
直线,7-9
直辖市,7-9
执意,7-9
执照,7-9
直至,7-9
执着,7-9
纸币,7-9
指标,7-9
止步,7-9
指点,7-9
只管,7-9
指甲,7-9
指教,7-9
指控,7-9
指令,7-9
指南,7-9
纸上谈兵,7-9
指手画脚,7-9
指数,7-9
指望,7-9
指纹,7-9
指向,7-9
指引,7-9
旨在,7-9
致,7-9
置,7-9
治安,7-9
制裁,7-9
致辞,7-9
至此,7-9
质地,7-9
制服1,7-9
制服2,7-9
致富,7-9
滞后,7-9
致敬,7-9
滞留,7-9
致力于,7-9
致命,7-9
稚嫩,7-9
质朴,7-9
志气,7-9
智商,7-9
致使,7-9
质问,7-9
窒息,7-9
志向,7-9
治愈,7-9
志愿,7-9
制约,7-9
制止,7-9
钟,7-9
忠诚,7-9
终端,7-9
忠告,7-9
终极,7-9
终结,7-9
终究,7-9
中立,7-9
终生,7-9
忠实,7-9
中途,7-9
忠心,7-9
衷心,7-9
中性,7-9
中叶,7-9
中庸,7-9
忠于,7-9
忠贞,7-9
中止,7-9
终止,7-9
肿瘤,7-9
种族,7-9
仲裁,7-9
重创,7-9
重量级,7-9
重任,7-9
重型,7-9
重用,7-9
众志成城,7-9
重中之重,7-9
周密,7-9
周岁,7-9
周旋,7-9
周折,7-9
周转,7-9
皱,7-9
骤然,7-9
皱纹,7-9
昼夜,7-9
朱红,7-9
诸如此类,7-9
诸位,7-9
竹竿,7-9
逐年,7-9
逐一,7-9
拄,7-9
主编,7-9
主打,7-9
嘱咐,7-9
主力,7-9
主权,7-9
主人公,7-9
主体,7-9
主题曲,7-9
嘱托,7-9
主页,7-9
主义,7-9
主宰,7-9
注,7-9
驻,7-9
筑,7-9
贮藏,7-9
著称,7-9
住处,7-9
注定,7-9
住户,7-9
助力,7-9
注射,7-9
注视,7-9
注释,7-9
助威,7-9
注销,7-9
蛀牙,7-9
铸造,7-9
驻扎,7-9
柱子,7-9
驻足,7-9
爪子,7-9
拽,7-9
专长,7-9
专程,7-9
专柜,7-9
专辑,7-9
专栏,7-9
专卖,7-9
专人,7-9
专项,7-9
专职,7-9
专制,7-9
专著,7-9
转播,7-9
转达,7-9
转化,7-9
转机2,7-9
转型,7-9
转眼,7-9
转载,7-9
转折,7-9
转折点,7-9
传,7-9
传记,7-9
撰写,7-9
转悠,7-9
桩,7-9
装扮,7-9
庄严,7-9
庄园,7-9
装置,7-9
庄重,7-9
幢,7-9
壮,7-9
壮大,7-9
壮观,7-9
撞击,7-9
壮丽,7-9
壮烈,7-9
状元,7-9
追悼,7-9
追赶,7-9
追捧,7-9
追溯,7-9
追随,7-9
追尾,7-9
追问,7-9
追逐,7-9
追踪,7-9
坠,7-9
坠落,7-9
准许,7-9
准则,7-9
拙劣,7-9
捉迷藏,7-9
着力,7-9
着落,7-9
酌情,7-9
灼热,7-9
着实,7-9
着手,7-9
着想,7-9
着眼,7-9
卓越,7-9
着重,7-9
茁壮,7-9
兹,7-9
资本主义,7-9
资历,7-9
滋润,7-9
资深,7-9
滋生,7-9
姿态,7-9
滋味,7-9
资讯,7-9
资质,7-9
资助,7-9
籽,7-9
子弹,7-9
子弟,7-9
子孙,7-9
自卑,7-9
自称,7-9
自发,7-9
自费,7-9
自负1,7-9
自负2,7-9
字迹,7-9
自立,7-9
自理,7-9
自力更生,7-9
自满,7-9
自强不息,7-9
自然而然,7-9
自然界,7-9
自如,7-9
自始至终,7-9
自首,7-9
自私,7-9
字体,7-9
自卫,7-9
自相矛盾,7-9
自行,7-9
字眼,7-9
自以为是,7-9
自在,7-9
自责,7-9
自治区,7-9
自主,7-9
自尊,7-9
宗,7-9
踪迹,7-9
宗教,7-9
综艺,7-9
宗旨,7-9
总额,7-9
总而言之,7-9
总和,7-9
纵观,7-9
纵横,7-9
纵然,7-9
纵容,7-9
纵深,7-9
走过场,7-9
走弯路,7-9
走漏,7-9
走势,7-9
走私,7-9
走投无路,7-9
走向,7-9
揍,7-9
奏效,7-9
租赁,7-9
足不出户,7-9
足迹,7-9
足智多谋,7-9
祖传,7-9
祖父,7-9
祖籍,7-9
组建,7-9
阻拦,7-9
阻力,7-9
祖母,7-9
阻挠,7-9
组装,7-9
祖宗,7-9
钻空子,7-9
钻研,7-9
钻石,7-9
嘴唇,7-9
罪犯,7-9
罪魁祸首,7-9
尊贵,7-9
遵循,7-9
尊严,7-9
遵照,7-9
琢磨,7-9
左顾右盼,7-9
作弊,7-9
作对,7-9
作废,7-9
作风,7-9
作客,7-9
作料,7-9
坐落,7-9
座谈,7-9
作为2,7-9
作物,7-9
作息,7-9
座右铭,7-9
作战,7-9
做证,7-9
做主,7-9
